phase,start,end,days,mean_slope_z
quiet_dominance,2017-06-01 04:00:00,2017-06-28 13:30:00,27,0.9001995305155199
quiet_dominance,2018-01-11 14:30:00,2018-02-01 14:30:00,21,1.4758981307681018
quiet_dominance,2018-07-13 13:30:00,2018-07-24 13:30:00,11,0.7938082532235069
quiet_dominance,2018-07-27 13:30:00,2018-08-10 13:30:00,14,0.8723166797946855
quiet_dominance,2018-09-05 13:30:00,2018-09-26 13:30:00,21,1.409835630034804
quiet_dominance,2019-01-25 14:30:00,2019-02-26 14:30:00,32,1.1832608496408474
quiet_dominance,2019-11-01 13:30:00,2019-11-13 14:30:00,12,0.8086615434444223
quiet_dominance,2020-04-24 13:30:00,2020-05-29 13:30:00,35,0.8817385010712119
quiet_dominance,2020-06-01 13:30:00,2020-06-15 13:30:00,14,0.9012802174075841
quiet_dominance,2020-10-14 13:30:00,2020-10-26 13:30:00,12,0.8752658558396933
quiet_dominance,2021-01-11 14:30:00,2021-01-22 14:30:00,11,1.0179955677308765
quiet_dominance,2021-04-15 13:30:00,2021-04-28 13:30:00,13,0.7570604174231794
quiet_dominance,2021-08-10 13:30:00,2021-08-31 13:30:00,21,0.9666617132765758
quiet_dominance,2022-07-26 13:30:00,2022-08-16 13:30:00,21,0.82594199572482
quiet_dominance,2022-11-04 13:30:00,2022-11-25 14:30:00,21,1.1546806995227183
quiet_dominance,2023-06-30 13:30:00,2023-07-13 13:30:00,13,0.8917097756642038
quiet_dominance,2023-08-25 13:30:00,2023-09-06 13:30:00,12,1.128700756216426
quiet_dominance,2024-08-21 13:30:00,2024-09-01 04:00:00,10,1.4119073970348484
quiet_dominance,2024-11-11 14:30:00,2024-11-25 14:30:00,14,0.8478891480802008
quiet_dominance,2025-03-13 13:30:00,2025-03-26 13:30:00,13,1.3905733337821282
quiet_dominance,2025-04-24 13:30:00,2025-05-22 13:30:00,28,1.1167090031345117
quiet_dominance,2025-09-10 13:30:00,2025-09-23 13:30:00,13,1.0412639103776322
quiet_dominance,2025-09-26 13:30:00,2025-10-06 13:30:00,10,0.5920225525173369
quiet_dominance,2026-01-16 14:30:00,2026-02-23 14:30:00,38,1.6430276273203896
catch_up_disturbance,2017-06-14 13:30:00,2017-06-14 13:30:00,1,2.1608700627605204
catch_up_disturbance,2017-06-15 13:30:00,2017-06-15 13:30:00,1,2.1264981272041728
catch_up_disturbance,2017-08-29 13:30:00,2017-08-29 13:30:00,1,0.951540780689881
catch_up_disturbance,2017-08-30 13:30:00,2017-08-30 13:30:00,1,0.7950860637755202
catch_up_disturbance,2017-08-31 13:30:00,2017-08-31 13:30:00,1,0.9096019905678276
catch_up_disturbance,2017-09-01 04:00:00,2017-09-01 04:00:00,1,1.8410812889312973
catch_up_disturbance,2017-09-01 13:30:00,2017-09-01 13:30:00,1,0.6476127593964673
catch_up_disturbance,2017-12-01 05:00:00,2017-12-01 05:00:00,1,-0.23379651193712783
catch_up_disturbance,2017-12-01 14:30:00,2017-12-01 14:30:00,1,0.03675368867049037
catch_up_disturbance,2017-12-21 14:30:00,2017-12-21 14:30:00,1,0.780039172222109
catch_up_disturbance,2018-01-04 14:30:00,2018-01-04 14:30:00,1,1.996483077378943
catch_up_disturbance,2018-01-05 14:30:00,2018-01-05 14:30:00,1,2.129579632232241
catch_up_disturbance,2018-03-08 14:30:00,2018-03-08 14:30:00,1,-0.10026179351206
catch_up_disturbance,2018-03-09 14:30:00,2018-03-09 14:30:00,1,0.08629027954667712
catch_up_disturbance,2018-04-12 13:30:00,2018-04-12 13:30:00,1,1.0035861159474433
catch_up_disturbance,2018-04-13 13:30:00,2018-04-13 13:30:00,1,0.7119372346267858
catch_up_disturbance,2018-04-16 13:30:00,2018-04-16 13:30:00,1,0.743310611121643
catch_up_disturbance,2018-05-08 13:30:00,2018-05-08 13:30:00,1,-0.29882374328190536
catch_up_disturbance,2018-05-09 13:30:00,2018-05-09 13:30:00,1,-0.25198331162282767
catch_up_disturbance,2018-05-30 13:30:00,2018-05-30 13:30:00,1,3.1142459420663093
catch_up_disturbance,2018-05-31 13:30:00,2018-05-31 13:30:00,1,2.565324689633831
catch_up_disturbance,2018-07-02 13:30:00,2018-07-02 13:30:00,1,0.5664734481437687
catch_up_disturbance,2018-07-13 13:30:00,2018-07-13 13:30:00,1,0.8459243859053286
catch_up_disturbance,2018-07-16 13:30:00,2018-07-16 13:30:00,1,0.9457438574847459
catch_up_disturbance,2018-07-19 13:30:00,2018-07-19 13:30:00,1,1.2889325635042945
catch_up_disturbance,2018-08-20 13:30:00,2018-08-20 13:30:00,1,1.394003663463634
catch_up_disturbance,2018-09-10 13:30:00,2018-09-10 13:30:00,1,2.276115211894274
catch_up_disturbance,2018-09-11 13:30:00,2018-09-11 13:30:00,1,1.9212787282070922
catch_up_disturbance,2018-09-12 13:30:00,2018-09-12 13:30:00,1,2.479578154183677
catch_up_disturbance,2018-11-06 14:30:00,2018-11-06 14:30:00,1,-0.7876051173414907
catch_up_disturbance,2019-01-09 14:30:00,2019-01-09 14:30:00,1,1.2223203384012844
catch_up_disturbance,2019-01-10 14:30:00,2019-01-10 14:30:00,1,1.6726256576474672
catch_up_disturbance,2019-05-23 13:30:00,2019-05-23 13:30:00,1,1.0230196817701305
catch_up_disturbance,2019-06-04 13:30:00,2019-06-04 13:30:00,1,2.514078985931416
catch_up_disturbance,2019-06-05 13:30:00,2019-06-05 13:30:00,1,3.663792294709979
catch_up_disturbance,2019-06-06 13:30:00,2019-06-06 13:30:00,1,2.9897784912913146
catch_up_disturbance,2019-06-07 13:30:00,2019-06-07 13:30:00,1,1.7269923076073395
catch_up_disturbance,2019-08-08 13:30:00,2019-08-08 13:30:00,1,-0.5039940939749538
catch_up_disturbance,2019-08-19 13:30:00,2019-08-19 13:30:00,1,0.3730641207632779
catch_up_disturbance,2019-08-29 13:30:00,2019-08-29 13:30:00,1,1.5758694790009968
catch_up_disturbance,2019-08-30 13:30:00,2019-08-30 13:30:00,1,2.604762520820645
catch_up_disturbance,2019-09-01 04:00:00,2019-09-01 04:00:00,1,4.495645859792389
catch_up_disturbance,2019-09-03 13:30:00,2019-09-03 13:30:00,1,1.2123487929371743
catch_up_disturbance,2019-09-04 13:30:00,2019-09-04 13:30:00,1,1.715639858875854
catch_up_disturbance,2019-09-10 13:30:00,2019-09-10 13:30:00,1,3.5370156654274996
catch_up_disturbance,2019-09-11 13:30:00,2019-09-11 13:30:00,1,3.2293906093923344
catch_up_disturbance,2019-12-16 14:30:00,2019-12-16 14:30:00,1,-0.6125187759783438
catch_up_disturbance,2019-12-17 14:30:00,2019-12-17 14:30:00,1,-0.4487881137146659
catch_up_disturbance,2020-02-03 14:30:00,2020-02-03 14:30:00,1,1.9811970413444395
catch_up_disturbance,2020-02-04 14:30:00,2020-02-04 14:30:00,1,2.1541566351462156
catch_up_disturbance,2020-02-05 14:30:00,2020-02-05 14:30:00,1,2.3923251146234894
catch_up_disturbance,2020-03-25 13:30:00,2020-03-25 13:30:00,1,-0.7019344270839603
catch_up_disturbance,2020-03-26 13:30:00,2020-03-26 13:30:00,1,-0.4037211600235472
catch_up_disturbance,2020-03-27 13:30:00,2020-03-27 13:30:00,1,0.2864407512395681
catch_up_disturbance,2020-03-30 13:30:00,2020-03-30 13:30:00,1,-0.334238186365072
catch_up_disturbance,2020-04-21 13:30:00,2020-04-21 13:30:00,1,1.7483065592736273
catch_up_disturbance,2020-08-07 13:30:00,2020-08-07 13:30:00,1,0.21462705824901251
catch_up_disturbance,2020-08-10 13:30:00,2020-08-10 13:30:00,1,0.28765660947209193
catch_up_disturbance,2020-08-11 13:30:00,2020-08-11 13:30:00,1,0.562446536653748
catch_up_disturbance,2020-09-01 04:00:00,2020-09-01 04:00:00,1,2.423719040742702
catch_up_disturbance,2020-09-01 13:30:00,2020-09-01 13:30:00,1,1.2846182368640502
catch_up_disturbance,2020-10-06 13:30:00,2020-10-06 13:30:00,1,0.137497809956907
catch_up_disturbance,2020-10-19 13:30:00,2020-10-19 13:30:00,1,1.6613805100620684
catch_up_disturbance,2020-11-19 14:30:00,2020-11-19 14:30:00,1,0.34431448565063255
catch_up_disturbance,2020-11-23 14:30:00,2020-11-23 14:30:00,1,1.0696136100964067
catch_up_disturbance,2020-11-24 14:30:00,2020-11-24 14:30:00,1,2.376679510004625
catch_up_disturbance,2020-11-25 14:30:00,2020-11-25 14:30:00,1,2.3512930351355785
catch_up_disturbance,2020-11-27 14:30:00,2020-11-27 14:30:00,1,2.1730107261587497
catch_up_disturbance,2020-11-30 14:30:00,2020-11-30 14:30:00,1,1.7373977371660556
catch_up_disturbance,2020-12-01 05:00:00,2020-12-01 05:00:00,1,3.654780658941789
catch_up_disturbance,2021-01-06 14:30:00,2021-01-06 14:30:00,1,0.48663405620581013
catch_up_disturbance,2021-01-12 14:30:00,2021-01-12 14:30:00,1,1.4136578077563984
catch_up_disturbance,2021-02-22 14:30:00,2021-02-22 14:30:00,1,0.20475794157059196
catch_up_disturbance,2021-02-23 14:30:00,2021-02-23 14:30:00,1,0.9886373563521664
catch_up_disturbance,2021-02-24 14:30:00,2021-02-24 14:30:00,1,1.3137899349274316
catch_up_disturbance,2021-02-25 14:30:00,2021-02-25 14:30:00,1,1.6068816175635252
catch_up_disturbance,2021-03-30 13:30:00,2021-03-30 13:30:00,1,-0.006722419809800165
catch_up_disturbance,2021-03-31 13:30:00,2021-03-31 13:30:00,1,-0.12220872222907092
catch_up_disturbance,2021-06-01 04:00:00,2021-06-01 04:00:00,1,1.3352963502131499
catch_up_disturbance,2021-06-01 13:30:00,2021-06-01 13:30:00,1,1.131483130168841
catch_up_disturbance,2021-06-03 13:30:00,2021-06-03 13:30:00,1,1.419880438839851
catch_up_disturbance,2021-07-21 13:30:00,2021-07-21 13:30:00,1,0.7013942927634282
catch_up_disturbance,2021-10-08 13:30:00,2021-10-08 13:30:00,1,-1.788712541052188
catch_up_disturbance,2021-10-13 13:30:00,2021-10-13 13:30:00,1,-0.974834676727809
catch_up_disturbance,2021-10-14 13:30:00,2021-10-14 13:30:00,1,-0.4082516691513114
catch_up_disturbance,2022-01-12 14:30:00,2022-01-12 14:30:00,1,0.944842417302784
catch_up_disturbance,2022-02-09 14:30:00,2022-02-09 14:30:00,1,-1.4121362892302949
catch_up_disturbance,2022-02-17 14:30:00,2022-02-17 14:30:00,1,0.10918370810552237
catch_up_disturbance,2022-02-18 14:30:00,2022-02-18 14:30:00,1,0.1645412369230451
catch_up_disturbance,2022-03-01 05:00:00,2022-03-01 05:00:00,1,1.4846882863308093
catch_up_disturbance,2022-03-01 14:30:00,2022-03-01 14:30:00,1,2.68400585588042
catch_up_disturbance,2022-03-02 14:30:00,2022-03-02 14:30:00,1,2.593160834180458
catch_up_disturbance,2022-03-03 14:30:00,2022-03-03 14:30:00,1,2.8154749516275204
catch_up_disturbance,2022-06-07 13:30:00,2022-06-07 13:30:00,1,1.9040337814194077
catch_up_disturbance,2022-06-08 13:30:00,2022-06-08 13:30:00,1,1.8812041173993317
catch_up_disturbance,2022-06-09 13:30:00,2022-06-09 13:30:00,1,1.9792571113669026
catch_up_disturbance,2022-07-18 13:30:00,2022-07-18 13:30:00,1,0.2678202524551554
catch_up_disturbance,2022-07-19 13:30:00,2022-07-19 13:30:00,1,0.9185548812838539
catch_up_disturbance,2022-07-20 13:30:00,2022-07-20 13:30:00,1,0.7725016867760213
catch_up_disturbance,2022-07-21 13:30:00,2022-07-21 13:30:00,1,0.88954440488619
catch_up_disturbance,2022-09-01 04:00:00,2022-09-01 04:00:00,1,1.5077653687145838
catch_up_disturbance,2022-09-01 13:30:00,2022-09-01 13:30:00,1,1.0624204127488102
catch_up_disturbance,2022-09-02 13:30:00,2022-09-02 13:30:00,1,1.278559531348058
catch_up_disturbance,2022-09-06 13:30:00,2022-09-06 13:30:00,1,1.4144552401549428
catch_up_disturbance,2022-10-24 13:30:00,2022-10-24 13:30:00,1,-0.04472512919453746
catch_up_disturbance,2022-10-25 13:30:00,2022-10-25 13:30:00,1,0.5581414425985753
catch_up_disturbance,2022-10-27 13:30:00,2022-10-27 13:30:00,1,0.7942852029766366
catch_up_disturbance,2022-10-31 13:30:00,2022-10-31 13:30:00,1,1.6496476697854034
catch_up_disturbance,2023-03-07 14:30:00,2023-03-07 14:30:00,1,3.00794764409751
catch_up_disturbance,2023-04-12 13:30:00,2023-04-12 13:30:00,1,-1.023197653502807
catch_up_disturbance,2023-04-13 13:30:00,2023-04-13 13:30:00,1,-0.1383423332169264
catch_up_disturbance,2023-04-14 13:30:00,2023-04-14 13:30:00,1,-0.4584514169878874
catch_up_disturbance,2023-06-01 04:00:00,2023-06-01 04:00:00,1,2.2499915961971513
catch_up_disturbance,2023-06-26 13:30:00,2023-06-26 13:30:00,1,1.734675710204835
catch_up_disturbance,2023-07-10 13:30:00,2023-07-10 13:30:00,1,2.0644243156262987
catch_up_disturbance,2023-08-08 13:30:00,2023-08-08 13:30:00,1,-1.7889312673575513
catch_up_disturbance,2023-08-09 13:30:00,2023-08-09 13:30:00,1,-0.337815554940054
catch_up_disturbance,2023-08-10 13:30:00,2023-08-10 13:30:00,1,0.07649464189073471
catch_up_disturbance,2023-08-11 13:30:00,2023-08-11 13:30:00,1,0.2742442079335635
catch_up_disturbance,2023-08-14 13:30:00,2023-08-14 13:30:00,1,0.019121357389882392
catch_up_disturbance,2023-08-15 13:30:00,2023-08-15 13:30:00,1,0.08185091769211532
catch_up_disturbance,2023-08-29 13:30:00,2023-08-29 13:30:00,1,2.1414795748173074
catch_up_disturbance,2023-08-30 13:30:00,2023-08-30 13:30:00,1,1.612626987085517
catch_up_disturbance,2023-10-12 13:30:00,2023-10-12 13:30:00,1,-0.5449367094739025
catch_up_disturbance,2023-12-01 05:00:00,2023-12-01 05:00:00,1,2.6712783010396595
catch_up_disturbance,2024-02-20 14:30:00,2024-02-20 14:30:00,1,0.2903505086221582
catch_up_disturbance,2024-02-22 14:30:00,2024-02-22 14:30:00,1,1.2455357628446473
catch_up_disturbance,2024-02-23 14:30:00,2024-02-23 14:30:00,1,1.0989962445886405
catch_up_disturbance,2024-03-01 05:00:00,2024-03-01 05:00:00,1,3.509781634028148
catch_up_disturbance,2024-06-13 13:30:00,2024-06-13 13:30:00,1,0.6990291293343819
catch_up_disturbance,2024-07-01 13:30:00,2024-07-01 13:30:00,1,2.59096167942364
catch_up_disturbance,2024-07-02 13:30:00,2024-07-02 13:30:00,1,1.7328761141753941
catch_up_disturbance,2024-07-03 13:30:00,2024-07-03 13:30:00,1,2.6248146000793056
catch_up_disturbance,2024-07-05 13:30:00,2024-07-05 13:30:00,1,1.479671593538718
catch_up_disturbance,2024-07-08 13:30:00,2024-07-08 13:30:00,1,2.382688058493228
catch_up_disturbance,2024-08-06 13:30:00,2024-08-06 13:30:00,1,-0.8872793956669546
catch_up_disturbance,2024-08-09 13:30:00,2024-08-09 13:30:00,1,-0.35409468200700683
catch_up_disturbance,2024-08-14 13:30:00,2024-08-14 13:30:00,1,1.0141817633721244
catch_up_disturbance,2024-08-26 13:30:00,2024-08-26 13:30:00,1,1.239427681238465
catch_up_disturbance,2024-08-27 13:30:00,2024-08-27 13:30:00,1,1.642797813986681
catch_up_disturbance,2024-09-01 04:00:00,2024-09-01 04:00:00,1,2.772315567500679
catch_up_disturbance,2024-10-30 13:30:00,2024-10-30 13:30:00,1,-0.05654580639470424
catch_up_disturbance,2025-02-03 14:30:00,2025-02-03 14:30:00,1,1.105911582211391
catch_up_disturbance,2025-02-04 14:30:00,2025-02-04 14:30:00,1,0.6624118093932856
catch_up_disturbance,2025-02-26 14:30:00,2025-02-26 14:30:00,1,0.7022099345820516
catch_up_disturbance,2025-02-27 14:30:00,2025-02-27 14:30:00,1,0.6801231963758659
catch_up_disturbance,2025-02-28 14:30:00,2025-02-28 14:30:00,1,-0.5216635556142477
catch_up_disturbance,2025-03-01 05:00:00,2025-03-01 05:00:00,1,0.926880471419598
catch_up_disturbance,2025-03-11 13:30:00,2025-03-11 13:30:00,1,-0.31274845384844496
catch_up_disturbance,2025-03-12 13:30:00,2025-03-12 13:30:00,1,0.4497803150107738
catch_up_disturbance,2025-03-13 13:30:00,2025-03-13 13:30:00,1,0.9722195574268393
catch_up_disturbance,2025-03-14 13:30:00,2025-03-14 13:30:00,1,0.9685048236356532
catch_up_disturbance,2025-03-17 13:30:00,2025-03-17 13:30:00,1,1.2033950383161083
catch_up_disturbance,2025-03-18 13:30:00,2025-03-18 13:30:00,1,1.3735524580683203
catch_up_disturbance,2025-04-29 13:30:00,2025-04-29 13:30:00,1,1.2610359741219335
catch_up_disturbance,2025-04-30 13:30:00,2025-04-30 13:30:00,1,2.0499746340700957
catch_up_disturbance,2025-08-01 13:30:00,2025-08-01 13:30:00,1,1.4209320334148994
catch_up_disturbance,2025-08-04 13:30:00,2025-08-04 13:30:00,1,0.7026060418021013
catch_up_disturbance,2025-08-05 13:30:00,2025-08-05 13:30:00,1,0.5910625058274931
catch_up_disturbance,2025-09-05 13:30:00,2025-09-05 13:30:00,1,-0.5869330510590861
catch_up_disturbance,2025-09-08 13:30:00,2025-09-08 13:30:00,1,-0.2784198490523392
catch_up_disturbance,2025-09-09 13:30:00,2025-09-09 13:30:00,1,-0.3722814336233454
catch_up_disturbance,2025-09-10 13:30:00,2025-09-10 13:30:00,1,1.2786727198942491
catch_up_disturbance,2025-09-11 13:30:00,2025-09-11 13:30:00,1,0.8882669143018102
catch_up_disturbance,2025-09-12 13:30:00,2025-09-12 13:30:00,1,0.9780602048711904
catch_up_disturbance,2025-09-16 13:30:00,2025-09-16 13:30:00,1,1.1702043555770663
catch_up_disturbance,2025-10-27 13:30:00,2025-10-27 13:30:00,1,0.3335659671492364
catch_up_disturbance,2025-10-29 13:30:00,2025-10-29 13:30:00,1,0.2072202586815676
catch_up_disturbance,2025-11-19 14:30:00,2025-11-19 14:30:00,1,1.5461513509222138
catch_up_disturbance,2025-12-10 14:30:00,2025-12-10 14:30:00,1,0.6551088326463332
catch_up_disturbance,2025-12-11 14:30:00,2025-12-11 14:30:00,1,2.1504401320064654
catch_up_disturbance,2025-12-12 14:30:00,2025-12-12 14:30:00,1,1.0025824293457493
catch_up_disturbance,2025-12-15 14:30:00,2025-12-15 14:30:00,1,1.2743547814033507
catch_up_disturbance,2026-01-02 14:30:00,2026-01-02 14:30:00,1,1.086051606799204
catch_up_disturbance,2026-01-06 14:30:00,2026-01-06 14:30:00,1,1.0509999325888593
catch_up_disturbance,2026-01-14 14:30:00,2026-01-14 14:30:00,1,1.17378673981385
catch_up_disturbance,2026-01-15 14:30:00,2026-01-15 14:30:00,1,1.5489635411311087
catch_up_disturbance,2026-01-16 14:30:00,2026-01-16 14:30:00,1,3.0110324884016615
catch_up_disturbance,2026-01-20 14:30:00,2026-01-20 14:30:00,1,2.903499180123762
catch_up_disturbance,2026-01-21 14:30:00,2026-01-21 14:30:00,1,2.7378792421211875
catch_up_disturbance,2026-03-24 13:30:00,2026-03-24 13:30:00,1,0.8160202073366659
catch_up_disturbance,2026-04-30 13:30:00,2026-04-30 13:30:00,1,1.0773959423932271
catch_up_disturbance,2026-05-01 13:30:00,2026-05-01 13:30:00,1,1.6206838563126458
catch_up_disturbance,2026-05-04 13:30:00,2026-05-04 13:30:00,1,2.3360578409465
catch_up_disturbance,2026-05-06 13:30:00,2026-05-06 13:30:00,1,1.901391446129659
catch_up_disturbance,2026-05-27 13:30:00,2026-05-27 13:30:00,1,0.2965536689613806
catch_up_disturbance,2026-05-28 13:30:00,2026-05-28 13:30:00,1,0.766574441875664
catch_up_disturbance,2026-06-16 13:30:00,2026-06-16 13:30:00,1,1.2200148105703157
catch_up_disturbance,2026-06-17 13:30:00,2026-06-17 13:30:00,1,1.330357199401098
catch_up_disturbance,2026-06-18 13:30:00,2026-06-18 13:30:00,1,0.8486167765538207
catch_up_disturbance,2026-06-22 13:30:00,2026-06-22 13:30:00,1,1.2350061225161766
catch_up_disturbance,2026-07-10 13:30:00,2026-07-10 13:30:00,1,-0.21259429711127928
catch_up_disturbance,2026-07-23 13:30:00,2026-07-23 13:30:00,1,0.17700589994182667
catch_up_disturbance,2026-07-31 13:30:00,2026-07-31 13:30:00,1,2.7455963795161322
catch_up_disturbance,2026-08-03 13:30:00,2026-08-03 13:30:00,1,3.5926545334952817
catch_up_disturbance,2026-08-04 13:30:00,2026-08-04 13:30:00,1,2.710206654299275
catch_up_disturbance,2026-08-05 13:30:00,2026-08-05 13:30:00,1,2.5047179019394146
