date,ir_2y
2018-12-20 14:30:00,-0.014902556536120229
2018-12-21 14:30:00,-0.07201380833183987
2018-12-24 14:30:00,-0.08448101038481072
2018-12-26 14:30:00,-0.10682171695685527
2018-12-27 14:30:00,-0.026439804991406832
2018-12-28 14:30:00,0.009113317910290498
2018-12-31 14:30:00,0.030827516330856078
2019-01-02 14:30:00,0.03608945647220909
2019-01-03 14:30:00,0.02090047839864678
2019-01-04 14:30:00,0.017468934419302282
2019-01-07 14:30:00,0.01830849547736948
2019-01-08 14:30:00,0.05593018998574425
2019-01-09 14:30:00,0.02639877998797177
2019-01-10 14:30:00,0.006037730657865556
2019-01-11 14:30:00,0.06418586488068558
2019-01-14 14:30:00,0.04464665848564701
2019-01-15 14:30:00,-0.023100023769736504
2019-01-16 14:30:00,-0.07527592323242394
2019-01-17 14:30:00,-0.051250415041148696
2019-01-18 14:30:00,0.015332039397135722
2019-01-22 14:30:00,0.045654166604060194
2019-01-23 14:30:00,0.10817595458859587
2019-01-24 14:30:00,0.08290239355195621
2019-01-25 14:30:00,0.12226961309271472
2019-01-28 14:30:00,0.10565883422900446
2019-01-29 14:30:00,0.07322037222158465
2019-01-30 14:30:00,0.13963291043706907
2019-01-31 14:30:00,0.17313626543430713
2019-02-01 14:30:00,0.14996416196776555
2019-02-04 14:30:00,0.11790320990045457
2019-02-05 14:30:00,0.1447014665865989
2019-02-06 14:30:00,0.10809005769369738
2019-02-07 14:30:00,0.13195480118811317
2019-02-08 14:30:00,0.17234300942755923
2019-02-11 14:30:00,0.21065866470031155
2019-02-12 14:30:00,0.2450629149356532
2019-02-13 14:30:00,0.30772814776594903
2019-02-14 14:30:00,0.38263628438299524
2019-02-15 14:30:00,0.38432837395666897
2019-02-19 14:30:00,0.4195819505787585
2019-02-20 14:30:00,0.4604455380178909
2019-02-21 14:30:00,0.4967595001021177
2019-02-22 14:30:00,0.5002999359939477
2019-02-25 14:30:00,0.5297291348969062
2019-02-26 14:30:00,0.5078815842152417
2019-02-27 14:30:00,0.4814185452416126
2019-02-28 14:30:00,0.4871901343274431
2019-03-01 05:00:00,0.4775797404170768
2019-03-01 14:30:00,0.4628008890652527
2019-03-04 14:30:00,0.5200777218239507
2019-03-05 14:30:00,0.4524816451499235
2019-03-06 14:30:00,0.45869415905145644
2019-03-07 14:30:00,0.4517099497303571
2019-03-08 14:30:00,0.44360033238791996
2019-03-11 13:30:00,0.46614495238443354
2019-03-12 13:30:00,0.4591702155073874
2019-03-13 13:30:00,0.491445502516277
2019-03-14 13:30:00,0.5200015449837923
2019-03-15 13:30:00,0.5112547149353472
2019-03-18 13:30:00,0.5166336898567392
2019-03-19 13:30:00,0.5477312507001603
2019-03-20 13:30:00,0.5343877279023392
2019-03-21 13:30:00,0.49396692129831177
2019-03-22 13:30:00,0.4937675066005738
2019-03-25 13:30:00,0.46272738179075046
2019-03-26 13:30:00,0.48591837660482634
2019-03-27 13:30:00,0.4821141653894633
2019-03-28 13:30:00,0.5008536866882087
2019-03-29 13:30:00,0.5037201751633501
2019-04-01 13:30:00,0.5220817325113832
2019-04-02 13:30:00,0.5332942844266576
2019-04-03 13:30:00,0.5389607911645361
2019-04-04 13:30:00,0.5595732560454143
2019-04-05 13:30:00,0.565638756145324
2019-04-08 13:30:00,0.5913631617461911
2019-04-09 13:30:00,0.5817821304092392
2019-04-10 13:30:00,0.5628435777622305
2019-04-11 13:30:00,0.6222828377736053
2019-04-12 13:30:00,0.6819965832197301
2019-04-15 13:30:00,0.698239634740265
2019-04-16 13:30:00,0.7062310831302498
2019-04-17 13:30:00,0.6682477875952726
2019-04-18 13:30:00,0.7154161197319556
2019-04-22 13:30:00,0.791061628340158
2019-04-23 13:30:00,0.8096798139977657
2019-04-24 13:30:00,0.8500061206352609
2019-04-25 13:30:00,0.8535233998389541
2019-04-26 13:30:00,0.8481533314868327
2019-04-29 13:30:00,0.8551166661693348
2019-04-30 13:30:00,0.8648216143154493
2019-05-01 13:30:00,0.8921050294176787
2019-05-02 13:30:00,0.8872337261815806
2019-05-03 13:30:00,0.8666882453798179
2019-05-06 13:30:00,0.8515227455943747
2019-05-07 13:30:00,0.8346006890669689
2019-05-08 13:30:00,0.8718293972561377
2019-05-09 13:30:00,0.777425020958651
2019-05-10 13:30:00,0.8128679177409214
2019-05-13 13:30:00,0.7924021144289701
2019-05-14 13:30:00,0.7708118870601673
2019-05-15 13:30:00,0.7686816939893623
2019-05-16 13:30:00,0.7774352135381027
2019-05-17 13:30:00,0.8344510840206678
2019-05-20 13:30:00,0.8152960638305925
2019-05-21 13:30:00,0.8555564301796298
2019-05-22 13:30:00,0.9212581966676847
2019-05-23 13:30:00,0.7150351283175358
2019-05-24 13:30:00,0.7509887041847519
2019-05-28 13:30:00,0.7464466026187317
2019-05-29 13:30:00,0.7432304608858017
2019-05-30 13:30:00,0.7255258746695292
2019-05-31 13:30:00,0.6941918822455464
2019-06-01 04:00:00,0.6987913767514382
2019-06-03 13:30:00,0.6271262674123352
2019-06-04 13:30:00,0.7110694334742971
2019-06-05 13:30:00,0.723790663112335
2019-06-06 13:30:00,0.7206896423428026
2019-06-07 13:30:00,0.6936044469254297
2019-06-10 13:30:00,0.6335363876230425
2019-06-11 13:30:00,0.5868523517479445
2019-06-12 13:30:00,0.6336083366700752
2019-06-13 13:30:00,0.6798504793321952
2019-06-14 13:30:00,0.7031943371102514
2019-06-17 13:30:00,0.6638465236412564
2019-06-18 13:30:00,0.5771267896895828
2019-06-19 13:30:00,0.6506169667890014
2019-06-20 13:30:00,0.6663275689896463
2019-06-21 13:30:00,0.763502078921609
2019-06-24 13:30:00,0.7026070651412716
2019-06-25 13:30:00,0.6624691787648589
2019-06-26 13:30:00,0.6916378269606086
2019-06-27 13:30:00,0.6477949883327112
2019-06-28 13:30:00,0.6311399346149319
2019-07-01 13:30:00,0.6395925177244515
2019-07-02 13:30:00,0.6452632282226727
2019-07-03 13:30:00,0.5837863077692852
2019-07-05 13:30:00,0.5895177175949554
2019-07-08 13:30:00,0.5613590989867379
2019-07-09 13:30:00,0.565787597088751
2019-07-10 13:30:00,0.5513876303836726
2019-07-11 13:30:00,0.4851655533680963
2019-07-12 13:30:00,0.47994209037420943
2019-07-15 13:30:00,0.4981517758574184
2019-07-16 13:30:00,0.4709140547912706
2019-07-17 13:30:00,0.45036964420929554
2019-07-18 13:30:00,0.4430548543666499
2019-07-19 13:30:00,0.4244953150937853
2019-07-22 13:30:00,0.45598376059255374
2019-07-23 13:30:00,0.4035187545484264
2019-07-24 13:30:00,0.4302134071772384
2019-07-25 13:30:00,0.4483706821350083
2019-07-26 13:30:00,0.42543848284045105
2019-07-29 13:30:00,0.34313611396792776
2019-07-30 13:30:00,0.33077627547168004
2019-07-31 13:30:00,0.3587880350106014
2019-08-01 13:30:00,0.34984749434134504
2019-08-02 13:30:00,0.32742848726610996
2019-08-05 13:30:00,0.32021714938088025
2019-08-06 13:30:00,0.27259340280147515
2019-08-07 13:30:00,0.3050026011931999
2019-08-08 13:30:00,0.2748609052673141
2019-08-09 13:30:00,0.38844813547140183
2019-08-12 13:30:00,0.3478065775005439
2019-08-13 13:30:00,0.31278585071776294
2019-08-14 13:30:00,0.3021161392678213
2019-08-15 13:30:00,0.24395002194421503
2019-08-16 13:30:00,0.2841469898415281
2019-08-19 13:30:00,0.3236202584657251
2019-08-20 13:30:00,0.32511631522043605
2019-08-21 13:30:00,0.31895915959659377
2019-08-22 13:30:00,0.34841872827019815
2019-08-23 13:30:00,0.31697927962397043
2019-08-26 13:30:00,0.17007134154543754
2019-08-27 13:30:00,0.26046797452768433
2019-08-28 13:30:00,0.23106258518436476
2019-08-29 13:30:00,0.2739904210036849
2019-08-30 13:30:00,0.2666199723415973
2019-09-01 04:00:00,0.27317697707023636
2019-09-03 13:30:00,0.5205993545294578
2019-09-04 13:30:00,0.29638079083365
2019-09-05 13:30:00,0.3206514687972286
2019-09-06 13:30:00,0.34897873782977784
2019-09-09 13:30:00,0.3613275237701002
2019-09-10 13:30:00,0.43893689644219147
2019-09-11 13:30:00,0.5438665910210353
2019-09-12 13:30:00,0.4975369194702077
2019-09-13 13:30:00,0.4732668336428007
2019-09-16 13:30:00,0.5336855553343989
2019-09-17 13:30:00,0.5170242808533067
2019-09-18 13:30:00,0.4518892759544453
2019-09-19 13:30:00,0.4700077224795911
2019-09-20 13:30:00,0.4348669992537887
2019-09-23 13:30:00,0.4384264179666367
2019-09-24 13:30:00,0.42352604347733563
2019-09-25 13:30:00,0.37813262456220603
2019-09-26 13:30:00,0.34791205337528575
2019-09-27 13:30:00,0.3169889498013036
2019-09-30 13:30:00,0.37469969734722014
2019-10-01 13:30:00,0.3526456124438248
2019-10-02 13:30:00,0.2869098489134789
2019-10-03 13:30:00,0.28826950605432905
2019-10-04 13:30:00,0.25602702942351313
2019-10-07 13:30:00,0.2587788223688327
2019-10-08 13:30:00,0.2634911010545839
2019-10-09 13:30:00,0.30388038001547185
2019-10-10 13:30:00,0.30732350580426937
2019-10-11 13:30:00,0.288600862029347
2019-10-14 13:30:00,0.3177260278310041
2019-10-15 13:30:00,0.3098658062409693
2019-10-16 13:30:00,0.2961614564266625
2019-10-17 13:30:00,0.26149518271006106
2019-10-18 13:30:00,0.23282211525398358
2019-10-21 13:30:00,0.2800809961348882
2019-10-22 13:30:00,0.36010685755055366
2019-10-23 13:30:00,0.33453391236753527
2019-10-24 13:30:00,0.3385233871360216
2019-10-25 13:30:00,0.330204132179903
2019-10-28 13:30:00,0.4160828602522923
2019-10-29 13:30:00,0.47383492747989614
2019-10-30 13:30:00,0.48196930506423963
2019-10-31 13:30:00,0.4346412691640429
2019-11-01 13:30:00,0.457667467452098
2019-11-04 14:30:00,0.481662140962865
2019-11-05 14:30:00,0.49183265731363995
2019-11-06 14:30:00,0.4808561648339913
2019-11-07 14:30:00,0.49556773535052967
2019-11-08 14:30:00,0.5408063286096944
2019-11-11 14:30:00,0.5678306855073719
2019-11-12 14:30:00,0.5963155989715705
2019-11-13 14:30:00,0.5678293349879866
2019-11-14 14:30:00,0.46148876504260955
2019-11-15 14:30:00,0.4767734640616942
2019-11-18 14:30:00,0.46773462251639714
2019-11-19 14:30:00,0.4042192916716612
2019-11-20 14:30:00,0.37636264206369535
2019-11-21 14:30:00,0.3784027014327981
2019-11-22 14:30:00,0.3747988132529921
2019-11-25 14:30:00,0.40437614408000166
2019-11-26 14:30:00,0.3796590906083781
2019-11-27 14:30:00,0.43275227505872504
2019-11-29 14:30:00,0.4507908270518528
2019-12-01 05:00:00,0.4121431907021912
2019-12-02 14:30:00,0.18015281441297856
2019-12-03 14:30:00,0.262418800470457
2019-12-04 14:30:00,0.2559139704377062
2019-12-05 14:30:00,0.2687099898410035
2019-12-06 14:30:00,0.3032553635554384
2019-12-09 14:30:00,0.282219026070326
2019-12-10 14:30:00,0.2299742525074673
2019-12-11 14:30:00,0.2319351750538623
2019-12-12 14:30:00,0.22769616148095995
2019-12-13 14:30:00,0.2375355482733222
2019-12-16 14:30:00,0.24345161387505918
2019-12-17 14:30:00,0.29763009843963006
2019-12-18 14:30:00,0.30033576197156964
2019-12-19 14:30:00,0.2882587775056462
2019-12-20 14:30:00,0.27260021737117535
2019-12-23 14:30:00,0.3004461231629175
2019-12-24 14:30:00,0.243643588873115
2019-12-26 14:30:00,0.23677804486041223
2019-12-27 14:30:00,0.23296857685897815
2019-12-30 14:30:00,0.2211701817585119
2019-12-31 14:30:00,0.24570850295016686
2020-01-02 14:30:00,0.27233293060099284
2020-01-03 14:30:00,0.22452056629946296
2020-01-06 14:30:00,0.2171873169014201
2020-01-07 14:30:00,0.2629725907660112
2020-01-08 14:30:00,0.23738722214374267
2020-01-09 14:30:00,0.24668359881187038
2020-01-10 14:30:00,0.23037038815139255
2020-01-13 14:30:00,0.23736213549619775
2020-01-14 14:30:00,0.25146654926781925
2020-01-15 14:30:00,0.23279390344259268
2020-01-16 14:30:00,0.2339106143862109
2020-01-17 14:30:00,0.2934854792079941
2020-01-21 14:30:00,0.34089428052701726
2020-01-22 14:30:00,0.3652974312110265
2020-01-23 14:30:00,0.38815020367839403
2020-01-24 14:30:00,0.3769072148154243
2020-01-27 14:30:00,0.3958676253602662
2020-01-28 14:30:00,0.35674009096449416
2020-01-29 14:30:00,0.41559241253948814
2020-01-30 14:30:00,0.461740916820693
2020-01-31 14:30:00,0.5080996646296501
2020-02-03 14:30:00,0.44967838600161963
2020-02-04 14:30:00,0.4811242185763016
2020-02-05 14:30:00,0.48519692842756723
2020-02-06 14:30:00,0.5375415324255499
2020-02-07 14:30:00,0.5045482410160408
2020-02-10 14:30:00,0.4864670280434168
2020-02-11 14:30:00,0.5309303086847211
2020-02-12 14:30:00,0.5990690425855882
2020-02-13 14:30:00,0.5825853468376531
2020-02-14 14:30:00,0.6336111023912797
2020-02-18 14:30:00,0.6861612055720516
2020-02-19 14:30:00,0.707122633532141
2020-02-20 14:30:00,0.6537058982013337
2020-02-21 14:30:00,0.5427729873162959
2020-02-24 14:30:00,0.6367355685073801
2020-02-25 14:30:00,0.5159582466823269
2020-02-26 14:30:00,0.39040138186247275
2020-02-27 14:30:00,0.2685382170472871
2020-02-28 14:30:00,0.17125631875648004
2020-03-01 05:00:00,0.04730551907938491
2020-03-02 14:30:00,-0.1402296262731864
2020-03-03 14:30:00,-0.06623720130580062
2020-03-04 14:30:00,-0.04184004468457448
2020-03-05 14:30:00,-0.041829021469531436
2020-03-06 14:30:00,-0.08115169050192458
2020-03-09 13:30:00,-0.08330497631993762
2020-03-10 13:30:00,-0.185003899943544
2020-03-11 13:30:00,-0.1462649234137507
2020-03-12 13:30:00,-0.18819347899370598
2020-03-13 13:30:00,-0.16838340470343885
2020-03-16 13:30:00,-0.1349212072636693
2020-03-17 13:30:00,-0.06938635193132801
2020-03-18 13:30:00,-0.38175821450090314
2020-03-19 13:30:00,-0.4437139822688565
2020-03-20 13:30:00,-0.2728743169685291
2020-03-23 13:30:00,-0.28889006298054865
2020-03-24 13:30:00,-0.4514698610259351
2020-03-25 13:30:00,-0.26698026316757095
2020-03-26 13:30:00,-0.1529080168373274
2020-03-27 13:30:00,-0.1622877879562497
2020-03-30 13:30:00,-0.17933226391922094
2020-03-31 13:30:00,-0.252590505540779
2020-04-01 13:30:00,-0.19797573433935087
2020-04-02 13:30:00,-0.182791700702646
2020-04-03 13:30:00,-0.2019220884364881
2020-04-06 13:30:00,-0.1879450988779929
2020-04-07 13:30:00,-0.21521605276637193
2020-04-08 13:30:00,-0.22538239715187341
2020-04-09 13:30:00,-0.18609612327001318
2020-04-13 13:30:00,-0.20933507629334053
2020-04-14 13:30:00,-0.27859020832161324
2020-04-15 13:30:00,-0.2886752003405868
2020-04-16 13:30:00,-0.3587675292176417
2020-04-17 13:30:00,-0.35168461202770596
2020-04-20 13:30:00,-0.2573816933316261
2020-04-21 13:30:00,-0.26327738592685956
2020-04-22 13:30:00,-0.21784457972599905
2020-04-23 13:30:00,-0.2376243105672975
2020-04-24 13:30:00,-0.2532249540918352
2020-04-27 13:30:00,-0.2490001454312566
2020-04-28 13:30:00,-0.2090885431710021
2020-04-29 13:30:00,-0.15015145497582483
2020-04-30 13:30:00,-0.1613561193278372
2020-05-01 13:30:00,-0.1542727874424891
2020-05-04 13:30:00,-0.1444732497045426
2020-05-05 13:30:00,-0.2093502858588333
2020-05-06 13:30:00,-0.23897334953667573
2020-05-07 13:30:00,-0.26375323734257466
2020-05-08 13:30:00,-0.30633477649127905
2020-05-11 13:30:00,-0.2829215694646881
2020-05-12 13:30:00,-0.3462572984281432
2020-05-13 13:30:00,-0.35697725563983507
2020-05-14 13:30:00,-0.3782619621942526
2020-05-15 13:30:00,-0.36410846661089485
2020-05-18 13:30:00,-0.3530254795712884
2020-05-19 13:30:00,-0.2833838962661369
2020-05-20 13:30:00,-0.3178804155173201
2020-05-21 13:30:00,-0.2995214872160027
2020-05-22 13:30:00,-0.25423733968469125
2020-05-26 13:30:00,-0.2604309969178224
2020-05-27 13:30:00,-0.19382019058965153
2020-05-28 13:30:00,-0.17847477793989427
2020-05-29 13:30:00,-0.20165070599368085
2020-06-01 04:00:00,-0.24496755108731336
2020-06-01 13:30:00,-0.16136068662863837
2020-06-02 13:30:00,-0.16125411411909588
2020-06-03 13:30:00,-0.14558570519208627
2020-06-04 13:30:00,-0.11470467526930501
2020-06-05 13:30:00,-0.045265545602712474
2020-06-08 13:30:00,-0.011018603806524955
2020-06-09 13:30:00,0.013995682851693203
2020-06-10 13:30:00,-0.022583362184384913
2020-06-11 13:30:00,-0.07578795818494198
2020-06-12 13:30:00,-0.10524038150376545
2020-06-15 13:30:00,-0.07627988849974988
2020-06-16 13:30:00,-0.09710062297120876
2020-06-17 13:30:00,-0.0827858378774095
2020-06-18 13:30:00,-0.09219321708273534
2020-06-19 13:30:00,-0.08753304284263022
2020-06-22 13:30:00,-0.07013140952307738
2020-06-23 13:30:00,-0.11447320076271428
2020-06-24 13:30:00,-0.12260758027389491
2020-06-25 13:30:00,-0.13571608293768564
2020-06-26 13:30:00,-0.10433541210681241
2020-06-29 13:30:00,-0.09009107214623052
2020-06-30 13:30:00,-0.09927509193834692
2020-07-01 13:30:00,-0.09709050215102051
2020-07-02 13:30:00,-0.13821145959918463
2020-07-06 13:30:00,-0.1525953684436002
2020-07-07 13:30:00,-0.15991784753796848
2020-07-08 13:30:00,-0.16739722990336567
2020-07-09 13:30:00,-0.19636481665927824
2020-07-10 13:30:00,-0.24489253431167116
2020-07-13 13:30:00,-0.2498191382790352
2020-07-14 13:30:00,-0.17116378445086353
2020-07-15 13:30:00,-0.14326668011565727
2020-07-16 13:30:00,-0.10593793613368101
2020-07-17 13:30:00,-0.13070555139654494
2020-07-20 13:30:00,-0.13948885734404415
2020-07-21 13:30:00,-0.19226301670665585
2020-07-22 13:30:00,-0.2135508451349671
2020-07-23 13:30:00,-0.21061206510368732
2020-07-24 13:30:00,-0.179393095066662
2020-07-27 13:30:00,-0.17899581040632395
2020-07-28 13:30:00,-0.21071920468246552
2020-07-29 13:30:00,-0.2344319250026775
2020-07-30 13:30:00,-0.1927015003615448
2020-07-31 13:30:00,-0.23110178911494084
2020-08-03 13:30:00,-0.25108414050806416
2020-08-04 13:30:00,-0.19691756860538853
2020-08-05 13:30:00,-0.21834255980544845
2020-08-06 13:30:00,-0.1962207778865551
2020-08-07 13:30:00,-0.168736258953854
2020-08-10 13:30:00,-0.1653559522526454
2020-08-11 13:30:00,-0.11837254770906988
2020-08-12 13:30:00,-0.050467571871045454
2020-08-13 13:30:00,-0.06827505632939859
2020-08-14 13:30:00,-0.07519783303081003
2020-08-17 13:30:00,-0.07282277539456644
2020-08-18 13:30:00,-0.0685439643845462
2020-08-19 13:30:00,-0.06717684898510551
2020-08-20 13:30:00,-0.07947530995579738
2020-08-21 13:30:00,-0.11163754192172681
2020-08-24 13:30:00,-0.13219269572199616
2020-08-25 13:30:00,-0.08069593766632768
2020-08-26 13:30:00,-0.10023069439690818
2020-08-27 13:30:00,-0.1339474657978061
2020-08-28 13:30:00,-0.12735655680717037
2020-08-31 13:30:00,-0.10946959191328835
2020-09-01 04:00:00,-0.15335031583875633
2020-09-01 13:30:00,-0.003189786639466747
2020-09-02 13:30:00,-0.0935525287248896
2020-09-03 13:30:00,-0.0825403661645138
2020-09-04 13:30:00,-0.14308108915638765
2020-09-08 13:30:00,-0.1579833569228578
2020-09-09 13:30:00,-0.18851477675519598
2020-09-10 13:30:00,-0.1702665378508653
2020-09-11 13:30:00,-0.1911309415732341
2020-09-14 13:30:00,-0.18050156964475927
2020-09-15 13:30:00,-0.16196589615202828
2020-09-16 13:30:00,-0.1640471376700139
2020-09-17 13:30:00,-0.14402459663717132
2020-09-18 13:30:00,-0.13733160866471655
2020-09-21 13:30:00,-0.16031779160737972
2020-09-22 13:30:00,-0.23491641448161502
2020-09-23 13:30:00,-0.2205347544892097
2020-09-24 13:30:00,-0.20094874144087063
2020-09-25 13:30:00,-0.19404502810849167
2020-09-28 13:30:00,-0.19890273910918846
2020-09-29 13:30:00,-0.16749025895114866
2020-09-30 13:30:00,-0.1373968057024728
2020-10-01 13:30:00,-0.12434876574679277
2020-10-02 13:30:00,-0.14864881960204146
2020-10-05 13:30:00,-0.11988978368789428
2020-10-06 13:30:00,-0.10267384876912672
2020-10-07 13:30:00,-0.1210046710561387
2020-10-08 13:30:00,-0.07782704109906673
2020-10-09 13:30:00,-0.06524838113135302
2020-10-12 13:30:00,-0.039670385531835856
2020-10-13 13:30:00,-0.012499787403129063
2020-10-14 13:30:00,0.02083462544986824
2020-10-15 13:30:00,0.08069586433889427
2020-10-16 13:30:00,0.0867905692827128
2020-10-19 13:30:00,0.05423513096482164
2020-10-20 13:30:00,0.05008506809089012
2020-10-21 13:30:00,0.06980944549537581
2020-10-22 13:30:00,0.04912569475385647
2020-10-23 13:30:00,-0.022244904066201086
2020-10-26 13:30:00,-0.06940120689376134
2020-10-27 13:30:00,-0.1288568722025624
2020-10-28 13:30:00,-0.14849615868475338
2020-10-29 13:30:00,-0.15487591483587712
2020-10-30 13:30:00,-0.10889736502791654
2020-11-02 14:30:00,-0.10177834173396
2020-11-03 14:30:00,-0.08344802004558378
2020-11-04 14:30:00,-0.045658983081995695
2020-11-05 14:30:00,-0.05773065192762426
2020-11-06 14:30:00,-0.02304484177356111
2020-11-09 14:30:00,-0.03234833326032155
2020-11-10 14:30:00,-0.048640092258018484
2020-11-11 14:30:00,-0.010854173216258249
2020-11-12 14:30:00,-0.04279695161278627
2020-11-13 14:30:00,-0.03682815022345405
2020-11-16 14:30:00,-0.023015182923539403
2020-11-17 14:30:00,-0.014848830646939759
2020-11-18 14:30:00,-0.0022222420519354144
2020-11-19 14:30:00,0.03263455008716781
2020-11-20 14:30:00,0.0493993610845668
2020-11-23 14:30:00,0.015808512892116634
2020-11-24 14:30:00,0.042169927908703296
2020-11-25 14:30:00,0.1099923337935038
2020-11-27 14:30:00,0.1156561991341284
2020-11-30 14:30:00,0.15091567095686462
2020-12-01 05:00:00,0.16253373550970096
2020-12-01 14:30:00,0.26308865594289677
2020-12-02 14:30:00,0.15982344053584818
2020-12-03 14:30:00,0.13889209795870647
2020-12-04 14:30:00,0.13798499935996908
2020-12-07 14:30:00,0.20627354763105923
2020-12-08 14:30:00,0.2128422819461322
2020-12-09 14:30:00,0.2220298817905766
2020-12-10 14:30:00,0.2577395608003698
2020-12-11 14:30:00,0.2514502943303735
2020-12-14 14:30:00,0.2241532002665946
2020-12-15 14:30:00,0.16038243068480876
2020-12-16 14:30:00,0.1462223914245477
2020-12-17 14:30:00,0.14599545494599972
2020-12-18 14:30:00,0.1188060263938727
2020-12-21 14:30:00,0.14304252505587814
2020-12-22 14:30:00,0.16568908376975058
2020-12-23 14:30:00,0.16233571729617474
2020-12-24 14:30:00,0.1903572730166638
2020-12-28 14:30:00,0.19613643415103363
2020-12-29 14:30:00,0.19626475894951445
2020-12-30 14:30:00,0.1521384738435374
2020-12-31 14:30:00,0.1798733031537213
2021-01-04 14:30:00,0.16504550804238285
2021-01-05 14:30:00,0.18915007035536166
2021-01-06 14:30:00,0.20675723593530723
2021-01-07 14:30:00,0.23587085888741222
2021-01-08 14:30:00,0.26645544042140124
2021-01-11 14:30:00,0.24604866430384423
2021-01-12 14:30:00,0.2673947763328934
2021-01-13 14:30:00,0.3032148317837765
2021-01-14 14:30:00,0.23021684797820077
2021-01-15 14:30:00,0.24785823615356833
2021-01-19 14:30:00,0.19608714521992074
2021-01-20 14:30:00,0.22668555239968013
2021-01-21 14:30:00,0.19497184992142813
2021-01-22 14:30:00,0.18842819480709688
2021-01-25 14:30:00,0.18292060514127212
2021-01-26 14:30:00,0.12369419164806493
2021-01-27 14:30:00,0.12016077550588367
2021-01-28 14:30:00,0.10247013591771635
2021-01-29 14:30:00,0.1022610930881142
2021-02-01 14:30:00,0.0891710190201467
2021-02-02 14:30:00,0.10682555112118468
2021-02-03 14:30:00,0.10538889127451506
2021-02-04 14:30:00,0.11179795706509521
2021-02-05 14:30:00,0.08497164235918524
2021-02-08 14:30:00,0.08783079702455582
2021-02-09 14:30:00,0.06370770259964692
2021-02-10 14:30:00,0.07510210994394974
2021-02-11 14:30:00,0.07313771204767451
2021-02-12 14:30:00,0.09367908948962467
2021-02-16 14:30:00,0.11580452778638425
2021-02-17 14:30:00,0.14581890490135638
2021-02-18 14:30:00,0.16028609847298297
2021-02-19 14:30:00,0.21911636793051467
2021-02-22 14:30:00,0.2032757574913715
2021-02-23 14:30:00,0.2834359391059252
2021-02-24 14:30:00,0.29687489412963836
2021-02-25 14:30:00,0.3363670149349276
2021-02-26 14:30:00,0.369646252006663
2021-03-01 05:00:00,0.23032405390464136
2021-03-01 14:30:00,0.23974683074299016
2021-03-02 14:30:00,0.230525479287514
2021-03-03 14:30:00,0.20053491277805885
2021-03-04 14:30:00,0.20547426745159808
2021-03-05 14:30:00,0.23761878960132535
2021-03-08 14:30:00,0.23562902010745937
2021-03-09 14:30:00,0.27254876123572486
2021-03-10 14:30:00,0.24709038327795652
2021-03-11 14:30:00,0.2831461807499659
2021-03-12 14:30:00,0.2953504822563999
2021-03-15 13:30:00,0.27562740033096034
2021-03-16 13:30:00,0.26674899792584644
2021-03-17 13:30:00,0.23401422386849635
2021-03-18 13:30:00,0.23241756806817326
2021-03-19 13:30:00,0.19398401087900538
2021-03-22 13:30:00,0.17857773759891318
2021-03-23 13:30:00,0.15799546965470143
2021-03-24 13:30:00,0.1227709455571198
2021-03-25 13:30:00,0.1277208805491908
2021-03-26 13:30:00,0.1356330072846886
2021-03-29 13:30:00,0.1588605933333885
2021-03-30 13:30:00,0.17752448717854064
2021-03-31 13:30:00,0.20863851743212591
2021-04-01 13:30:00,0.17952859905158045
2021-04-05 13:30:00,0.17918343796219552
2021-04-06 13:30:00,0.1999546625991195
2021-04-07 13:30:00,0.20226170791420453
2021-04-08 13:30:00,0.19806568516960427
2021-04-09 13:30:00,0.1863323129932731
2021-04-12 13:30:00,0.20146955187787513
2021-04-13 13:30:00,0.181881581624433
2021-04-14 13:30:00,0.1752956620628115
2021-04-15 13:30:00,0.18672576224248186
2021-04-16 13:30:00,0.18416375547340352
2021-04-19 13:30:00,0.17846691289149547
2021-04-20 13:30:00,0.1747436381301907
2021-04-21 13:30:00,0.15046571213361726
2021-04-22 13:30:00,0.1833581279185423
2021-04-23 13:30:00,0.20803120591701904
2021-04-26 13:30:00,0.23671718807053066
2021-04-27 13:30:00,0.23810706595464048
2021-04-28 13:30:00,0.2715458613811787
2021-04-29 13:30:00,0.2768964177005164
2021-04-30 13:30:00,0.27787308711310515
2021-05-03 13:30:00,0.27535068878943975
2021-05-04 13:30:00,0.2817974825630005
2021-05-05 13:30:00,0.28407318052842195
2021-05-06 13:30:00,0.2976320878073231
2021-05-07 13:30:00,0.2992813406817072
2021-05-10 13:30:00,0.29640393183876895
2021-05-11 13:30:00,0.26009085134931675
2021-05-12 13:30:00,0.27833399431144834
2021-05-13 13:30:00,0.26871822581224974
2021-05-14 13:30:00,0.27052603389135493
2021-05-17 13:30:00,0.30143012077659864
2021-05-18 13:30:00,0.293025740760876
2021-05-19 13:30:00,0.285094277386203
2021-05-20 13:30:00,0.27900985103601267
2021-05-21 13:30:00,0.275823280556381
2021-05-24 13:30:00,0.23700376165221426
2021-05-25 13:30:00,0.20814955021665155
2021-05-26 13:30:00,0.1998553781734857
2021-05-27 13:30:00,0.2172715522979225
2021-05-28 13:30:00,0.24418853671617563
2021-06-01 04:00:00,0.2604114041465188
2021-06-01 13:30:00,0.39003277912507806
2021-06-02 13:30:00,0.345127140882049
2021-06-03 13:30:00,0.3347755718386142
2021-06-04 13:30:00,0.3745081901856389
2021-06-07 13:30:00,0.38564383978625005
2021-06-08 13:30:00,0.358602733797688
2021-06-09 13:30:00,0.3759345149135786
2021-06-10 13:30:00,0.3469625661736392
2021-06-11 13:30:00,0.3328838948357759
2021-06-14 13:30:00,0.3621451621807931
2021-06-15 13:30:00,0.33929532437838406
2021-06-16 13:30:00,0.38921215118657215
2021-06-17 13:30:00,0.36866942495250987
2021-06-18 13:30:00,0.30448891555392316
2021-06-21 13:30:00,0.262261182217249
2021-06-22 13:30:00,0.319110248960235
2021-06-23 13:30:00,0.3136455827994782
2021-06-24 13:30:00,0.32372181435650926
2021-06-25 13:30:00,0.35045934533220463
2021-06-28 13:30:00,0.37513776211111427
2021-06-29 13:30:00,0.38833357271065305
2021-06-30 13:30:00,0.36961386282882086
2021-07-01 13:30:00,0.3575178977068553
2021-07-02 13:30:00,0.38472847335547644
2021-07-06 13:30:00,0.37374993806563966
2021-07-07 13:30:00,0.33809841626133674
2021-07-08 13:30:00,0.3785772161438219
2021-07-09 13:30:00,0.3551804320532842
2021-07-12 13:30:00,0.40674994212342286
2021-07-13 13:30:00,0.40079044763054644
2021-07-14 13:30:00,0.3688331594714287
2021-07-15 13:30:00,0.3542234445681791
2021-07-16 13:30:00,0.3756567514099245
2021-07-19 13:30:00,0.37781993089888066
2021-07-20 13:30:00,0.3164332817404671
2021-07-21 13:30:00,0.3547063285008926
2021-07-22 13:30:00,0.3918521607526443
2021-07-23 13:30:00,0.4034170672957093
2021-07-26 13:30:00,0.4006685661123656
2021-07-27 13:30:00,0.36655281487031627
2021-07-28 13:30:00,0.4004765080896747
2021-07-29 13:30:00,0.3895919537509222
2021-07-30 13:30:00,0.40166873537014036
2021-08-02 13:30:00,0.4175101243404357
2021-08-03 13:30:00,0.38739662593526747
2021-08-04 13:30:00,0.4331650774598091
2021-08-05 13:30:00,0.4016428799966991
2021-08-06 13:30:00,0.36161252148322565
2021-08-09 13:30:00,0.3766869187373442
2021-08-10 13:30:00,0.3836936491058705
2021-08-11 13:30:00,0.4020248180980904
2021-08-12 13:30:00,0.40953756969744565
2021-08-13 13:30:00,0.3994851144822696
2021-08-16 13:30:00,0.3990362815591254
2021-08-17 13:30:00,0.39629571953964265
2021-08-18 13:30:00,0.3920580535777464
2021-08-19 13:30:00,0.4010853590657732
2021-08-20 13:30:00,0.35880705653244893
2021-08-23 13:30:00,0.19380699701935084
2021-08-24 13:30:00,0.31580131455730615
2021-08-25 13:30:00,0.3324430728974546
2021-08-26 13:30:00,0.3190790079636091
2021-08-27 13:30:00,0.29193893176232627
2021-08-30 13:30:00,0.25915478008789605
2021-08-31 13:30:00,0.19839662694623503
2021-09-01 04:00:00,0.21368832901251217
2021-09-01 13:30:00,0.3045501574945135
2021-09-02 13:30:00,0.25051989746688064
2021-09-03 13:30:00,0.3048643001887457
2021-09-07 13:30:00,0.34059669116207947
2021-09-08 13:30:00,0.33738990785345435
2021-09-09 13:30:00,0.36505838346473823
2021-09-10 13:30:00,0.3474018013842833
2021-09-13 13:30:00,0.33724690187294776
2021-09-14 13:30:00,0.36481129413365976
2021-09-15 13:30:00,0.34760447294340563
2021-09-16 13:30:00,0.4038110485942676
2021-09-17 13:30:00,0.355956045195958
2021-09-20 13:30:00,0.36940320318259484
2021-09-21 13:30:00,0.37502620362723904
2021-09-22 13:30:00,0.3436881929902337
2021-09-23 13:30:00,0.3590153300351145
2021-09-24 13:30:00,0.3974396423114599
2021-09-27 13:30:00,0.3734431979524176
2021-09-28 13:30:00,0.33987190007739804
2021-09-29 13:30:00,0.34548902056915565
2021-09-30 13:30:00,0.34108655168497354
2021-10-01 13:30:00,0.2917716535310389
2021-10-04 13:30:00,0.2887840583095732
2021-10-05 13:30:00,0.27190730065177426
2021-10-06 13:30:00,0.29942530497678643
2021-10-07 13:30:00,0.30043131631805864
2021-10-08 13:30:00,0.3014223581095814
2021-10-11 13:30:00,0.30097896327196666
2021-10-12 13:30:00,0.27283520414139095
2021-10-13 13:30:00,0.2926331474495612
2021-10-14 13:30:00,0.3710136254943518
2021-10-15 13:30:00,0.3515286805408903
2021-10-18 13:30:00,0.3113039157390478
2021-10-19 13:30:00,0.2825962960890646
2021-10-20 13:30:00,0.3035084390943385
2021-10-21 13:30:00,0.33735553292259124
2021-10-22 13:30:00,0.3148999326956827
2021-10-25 13:30:00,0.27692672268907004
2021-10-26 13:30:00,0.294942686257168
2021-10-27 13:30:00,0.3055557840119835
2021-10-28 13:30:00,0.2600030550769989
2021-10-29 13:30:00,0.2930581929927165
2021-11-01 13:30:00,0.2687280547550005
2021-11-02 13:30:00,0.27956283568462015
2021-11-03 13:30:00,0.34960238627419843
2021-11-04 13:30:00,0.3154167669876434
2021-11-05 13:30:00,0.29688125533238746
2021-11-08 14:30:00,0.3534064661820926
2021-11-09 14:30:00,0.3618784324848953
2021-11-10 14:30:00,0.3439092370276299
2021-11-11 14:30:00,0.33229333516800935
2021-11-12 14:30:00,0.3278970573261431
2021-11-15 14:30:00,0.3408514337490961
2021-11-16 14:30:00,0.38202845466570673
2021-11-17 14:30:00,0.38082489279473675
2021-11-18 14:30:00,0.3704618247074661
2021-11-19 14:30:00,0.4983260700216962
2021-11-22 14:30:00,0.43543849947035407
2021-11-23 14:30:00,0.452108930057771
2021-11-24 14:30:00,0.4874321944016992
2021-11-26 14:30:00,0.4913162466366216
2021-11-29 14:30:00,0.46584237514412996
2021-11-30 14:30:00,0.46213245457424723
2021-12-01 05:00:00,0.4494958704221451
2021-12-01 14:30:00,0.3852212929897305
2021-12-02 14:30:00,0.3999901921854397
2021-12-03 14:30:00,0.43348220342238963
2021-12-06 14:30:00,0.4045638009325965
2021-12-07 14:30:00,0.39984067810986396
2021-12-08 14:30:00,0.39110485546353646
2021-12-09 14:30:00,0.38046914726341585
2021-12-10 14:30:00,0.3582574635639884
2021-12-13 14:30:00,0.37557549635780396
2021-12-14 14:30:00,0.3689088573717356
2021-12-15 14:30:00,0.3629728217124819
2021-12-16 14:30:00,0.3628632501601905
2021-12-17 14:30:00,0.38492190764023687
2021-12-20 14:30:00,0.3741545877068712
2021-12-21 14:30:00,0.37346913498885465
2021-12-22 14:30:00,0.40376066711836417
2021-12-23 14:30:00,0.4084307872354224
2021-12-27 14:30:00,0.40434838671201895
2021-12-28 14:30:00,0.39977119652672105
2021-12-29 14:30:00,0.38116716247503607
2021-12-30 14:30:00,0.3799504223558529
2021-12-31 14:30:00,0.37728574817803145
2022-01-03 14:30:00,0.40766289910852266
2022-01-04 14:30:00,0.36561923988528067
2022-01-05 14:30:00,0.3609177958039861
2022-01-06 14:30:00,0.31913881029769986
2022-01-07 14:30:00,0.3358394109557044
2022-01-10 14:30:00,0.30906975353344524
2022-01-11 14:30:00,0.2844237118013352
2022-01-12 14:30:00,0.32917890507965003
2022-01-13 14:30:00,0.3946092594671052
2022-01-14 14:30:00,0.36799186527299377
2022-01-18 14:30:00,0.33945521392108646
2022-01-19 14:30:00,0.32554205324936464
2022-01-20 14:30:00,0.3380583832530939
2022-01-21 14:30:00,0.2950368835205922
2022-01-24 14:30:00,0.31022916428468494
2022-01-25 14:30:00,0.30015901500320263
2022-01-26 14:30:00,0.31900647560120815
2022-01-27 14:30:00,0.3206231648720858
2022-01-28 14:30:00,0.29203566905108863
2022-01-31 14:30:00,0.24287020084960625
2022-02-01 14:30:00,0.22722195810621737
2022-02-02 14:30:00,0.2120647654492559
2022-02-03 14:30:00,0.2071071358962594
2022-02-04 14:30:00,0.19411183030015897
2022-02-07 14:30:00,0.20163406249052607
2022-02-08 14:30:00,0.19160251896786312
2022-02-09 14:30:00,0.19732595863970628
2022-02-10 14:30:00,0.2806783482121775
2022-02-11 14:30:00,0.36804106861334995
2022-02-14 14:30:00,0.4070896680651906
2022-02-15 14:30:00,0.45791634706479134
2022-02-16 14:30:00,0.5702763715703315
2022-02-17 14:30:00,0.712820999661514
2022-02-18 14:30:00,0.6724970869720914
2022-02-22 14:30:00,0.6665897673999308
2022-02-23 14:30:00,0.6837077036053139
2022-02-24 14:30:00,0.7010288138845298
2022-02-25 14:30:00,0.7475438092186021
2022-02-28 14:30:00,0.8156989902326375
2022-03-01 05:00:00,0.8066082399658954
2022-03-01 14:30:00,0.7908964711890689
2022-03-02 14:30:00,0.7777488359014766
2022-03-03 14:30:00,0.7710420866352629
2022-03-04 14:30:00,0.7370536165235599
2022-03-07 14:30:00,1.0439928801533052
2022-03-08 14:30:00,1.105635796731168
2022-03-09 14:30:00,1.0593748344589504
2022-03-10 14:30:00,1.068831073601995
2022-03-11 14:30:00,1.2591214417073788
2022-03-14 13:30:00,1.1567491126235951
2022-03-15 13:30:00,1.0984020782357335
2022-03-16 13:30:00,1.0920684010011978
2022-03-17 13:30:00,1.0672375172365125
2022-03-18 13:30:00,1.1126240177964124
2022-03-21 13:30:00,1.0482956929563347
2022-03-22 13:30:00,1.0253476616096455
2022-03-23 13:30:00,1.0427356695172707
2022-03-24 13:30:00,1.0125519748218
2022-03-25 13:30:00,1.053592847561195
2022-03-28 13:30:00,1.0815571038802303
2022-03-29 13:30:00,1.0415105034966543
2022-03-30 13:30:00,1.0439941029838593
2022-03-31 13:30:00,1.1045000645266925
2022-04-01 13:30:00,1.1399822392432122
2022-04-04 13:30:00,1.2076950492825809
2022-04-05 13:30:00,1.2050782321023767
2022-04-06 13:30:00,1.1231509986681376
2022-04-07 13:30:00,1.149698208452551
2022-04-08 13:30:00,1.1369621327920492
2022-04-11 13:30:00,1.1866465559137658
2022-04-12 13:30:00,1.1648013715848518
2022-04-13 13:30:00,1.153260793493475
2022-04-14 13:30:00,1.0731024596434284
2022-04-18 13:30:00,1.0269890818179113
2022-04-19 13:30:00,1.0634605730807045
2022-04-20 13:30:00,1.077399297055076
2022-04-21 13:30:00,1.1213879158439934
2022-04-22 13:30:00,1.1433135425176295
2022-04-25 13:30:00,1.1399660688273563
2022-04-26 13:30:00,1.1459105434979244
2022-04-27 13:30:00,1.1953065107585839
2022-04-28 13:30:00,1.1743157167120541
2022-04-29 13:30:00,1.220748908691821
2022-05-02 13:30:00,1.2797524052247164
2022-05-03 13:30:00,1.3243359915626591
2022-05-04 13:30:00,1.3211678227355814
2022-05-05 13:30:00,1.3212313949095507
2022-05-06 13:30:00,1.2877208427550888
2022-05-09 13:30:00,1.320289441257399
2022-05-10 13:30:00,1.2375544923099604
2022-05-11 13:30:00,1.2026536183203127
2022-05-12 13:30:00,1.1996222489312884
2022-05-13 13:30:00,1.135057930466967
2022-05-16 13:30:00,1.1003449037349478
2022-05-17 13:30:00,1.129591499737784
2022-05-18 13:30:00,1.17190375919262
2022-05-19 13:30:00,1.0902775056863443
2022-05-20 13:30:00,1.1520567470930254
2022-05-23 13:30:00,1.102931108579157
2022-05-24 13:30:00,1.0942658845288742
2022-05-25 13:30:00,1.0384925348665313
2022-05-26 13:30:00,1.0288038781880982
2022-05-27 13:30:00,0.9975673677394207
2022-05-31 13:30:00,1.060764772437677
2022-06-01 04:00:00,1.1116468497050884
2022-06-01 13:30:00,1.1990351214835868
2022-06-02 13:30:00,1.1415770596788888
2022-06-03 13:30:00,1.1716296878789876
2022-06-06 13:30:00,1.1875453612456703
2022-06-07 13:30:00,1.2224746998500746
2022-06-08 13:30:00,1.28997133331372
2022-06-09 13:30:00,1.2436606692468042
2022-06-10 13:30:00,1.2949860662185348
2022-06-13 13:30:00,1.2789397581882194
2022-06-14 13:30:00,1.2882975157859047
2022-06-15 13:30:00,1.227815694436125
2022-06-16 13:30:00,1.2148607490691583
2022-06-17 13:30:00,1.1370770343243723
2022-06-21 13:30:00,1.156318722083606
2022-06-22 13:30:00,1.2221256566589231
2022-06-23 13:30:00,1.2093512126055812
2022-06-24 13:30:00,1.2259239986409531
2022-06-27 13:30:00,1.2589595708207566
2022-06-28 13:30:00,1.3117837348092831
2022-06-29 13:30:00,1.3432020500737363
2022-06-30 13:30:00,1.3110709064911605
2022-07-01 13:30:00,1.2786109110159483
2022-07-05 13:30:00,1.2515979900501177
2022-07-06 13:30:00,1.17174622503115
2022-07-07 13:30:00,1.1553538393937577
2022-07-08 13:30:00,1.1996134643520577
2022-07-11 13:30:00,1.267558477282861
2022-07-12 13:30:00,1.2405983049087754
2022-07-13 13:30:00,1.2459751103277175
2022-07-14 13:30:00,1.220597707605625
2022-07-15 13:30:00,1.2177161890896189
2022-07-18 13:30:00,1.2397168781916728
2022-07-19 13:30:00,1.2674345253610635
2022-07-20 13:30:00,1.2783454607098212
2022-07-21 13:30:00,1.342737454898175
2022-07-22 13:30:00,1.3996222492628603
2022-07-25 13:30:00,1.3611953549629106
2022-07-26 13:30:00,1.3863468442943048
2022-07-27 13:30:00,1.3928271702868542
2022-07-28 13:30:00,1.3424831698173718
2022-07-29 13:30:00,1.3794639911585107
2022-08-01 13:30:00,1.308635220888404
2022-08-02 13:30:00,1.2155742721612934
2022-08-03 13:30:00,1.2437043143728939
2022-08-04 13:30:00,1.2438723810448986
2022-08-05 13:30:00,1.220412701957575
2022-08-08 13:30:00,1.2054590978517736
2022-08-09 13:30:00,1.1978936680353565
2022-08-10 13:30:00,1.1903979288424238
2022-08-11 13:30:00,1.2525856448755546
2022-08-12 13:30:00,1.2871114312159861
2022-08-15 13:30:00,1.2699605466237662
2022-08-16 13:30:00,1.2596080684184172
2022-08-17 13:30:00,1.2699674848911173
2022-08-18 13:30:00,1.2709561382617038
2022-08-19 13:30:00,1.266998740632199
2022-08-22 13:30:00,1.2623034012370689
2022-08-23 13:30:00,1.1056058687608394
2022-08-24 13:30:00,1.2032388179589373
2022-08-25 13:30:00,1.2413557039065837
2022-08-26 13:30:00,1.336341911462131
2022-08-29 13:30:00,1.3239902821569869
2022-08-30 13:30:00,1.3811378486116819
2022-08-31 13:30:00,1.3279502579672364
2022-09-01 04:00:00,1.372157936905276
2022-09-01 13:30:00,1.5049029113206986
2022-09-02 13:30:00,1.403587001922663
2022-09-06 13:30:00,1.4411632419551226
2022-09-07 13:30:00,1.4111280355764988
2022-09-08 13:30:00,1.4218655590957825
2022-09-09 13:30:00,1.4591600137717686
2022-09-12 13:30:00,1.5482441886792324
2022-09-13 13:30:00,1.536809269406748
2022-09-14 13:30:00,1.4779290468659716
2022-09-15 13:30:00,1.4955463902990425
2022-09-16 13:30:00,1.4952740430153382
2022-09-19 13:30:00,1.4423485400809175
2022-09-20 13:30:00,1.461236310728801
2022-09-21 13:30:00,1.4266982809047937
2022-09-22 13:30:00,1.4604609757340576
2022-09-23 13:30:00,1.4309091543078367
2022-09-26 13:30:00,1.3589367172759894
2022-09-27 13:30:00,1.3410389186380955
2022-09-28 13:30:00,1.2886385595848724
2022-09-29 13:30:00,1.3181690938138313
2022-09-30 13:30:00,1.3056021945052776
2022-10-03 13:30:00,1.2710318954153705
2022-10-04 13:30:00,1.3102451672528996
2022-10-05 13:30:00,1.3427302243349883
2022-10-06 13:30:00,1.3267170780567004
2022-10-07 13:30:00,1.3151163834349031
2022-10-10 13:30:00,1.2903796803973255
2022-10-11 13:30:00,1.2763251570424625
2022-10-12 13:30:00,1.3098332736383094
2022-10-13 13:30:00,1.3000601198151462
2022-10-14 13:30:00,1.3026817242184958
2022-10-17 13:30:00,1.3054831103686502
2022-10-18 13:30:00,1.38554565412568
2022-10-19 13:30:00,1.44460762143408
2022-10-20 13:30:00,1.3923008314709266
2022-10-21 13:30:00,1.344778871315124
2022-10-24 13:30:00,1.3277674909329515
2022-10-25 13:30:00,1.3057199721344024
2022-10-26 13:30:00,1.361566532136733
2022-10-27 13:30:00,1.3365224625336944
2022-10-28 13:30:00,1.3588322193823525
2022-10-31 13:30:00,1.3862009194447205
2022-11-01 13:30:00,1.3819757818874292
2022-11-02 13:30:00,1.4111814413658004
2022-11-03 13:30:00,1.406666614126431
2022-11-04 13:30:00,1.4555436016909122
2022-11-07 14:30:00,1.4573927761395173
2022-11-08 14:30:00,1.4747022415878592
2022-11-09 14:30:00,1.4482486926866616
2022-11-10 14:30:00,1.386557323746416
2022-11-11 14:30:00,1.4230134038885904
2022-11-14 14:30:00,1.3279597000197478
2022-11-15 14:30:00,1.2521338802731046
2022-11-16 14:30:00,1.2598342912738303
2022-11-17 14:30:00,1.2544746481375886
2022-11-18 14:30:00,1.2834002978532686
2022-11-21 14:30:00,1.1923475800201988
2022-11-22 14:30:00,1.316803639979898
2022-11-23 14:30:00,1.3619870251376054
2022-11-25 14:30:00,1.342928552190135
2022-11-28 14:30:00,1.3047988195737803
2022-11-29 14:30:00,1.2931014331612252
2022-11-30 14:30:00,1.3136517584741179
2022-12-01 05:00:00,1.257116221268513
2022-12-01 14:30:00,1.3232534528939754
2022-12-02 14:30:00,1.3353457847244898
2022-12-05 14:30:00,1.38048866745815
2022-12-06 14:30:00,1.3561857441271088
2022-12-07 14:30:00,1.3551044231893676
2022-12-08 14:30:00,1.3727503015415834
2022-12-09 14:30:00,1.3651163581913024
2022-12-12 14:30:00,1.3393657994766242
2022-12-13 14:30:00,1.304138697108782
2022-12-14 14:30:00,1.2825208526113965
2022-12-15 14:30:00,1.2774816411023788
2022-12-16 14:30:00,1.2498108862283523
2022-12-19 14:30:00,1.2720394886008817
2022-12-20 14:30:00,1.2497975441843823
2022-12-21 14:30:00,1.2712493272030032
2022-12-22 14:30:00,1.2759991644197977
2022-12-23 14:30:00,1.216971699345779
2022-12-27 14:30:00,1.165140073693204
2022-12-28 14:30:00,1.113980603686088
2022-12-29 14:30:00,1.1277204632578022
2022-12-30 14:30:00,1.104351635326853
2023-01-03 14:30:00,1.048082154964818
2023-01-04 14:30:00,1.093139389142705
2023-01-05 14:30:00,1.069185048359958
2023-01-06 14:30:00,1.104376214640157
2023-01-09 14:30:00,1.0693066263696056
2023-01-10 14:30:00,1.0791430411820395
2023-01-11 14:30:00,1.09291391877917
2023-01-12 14:30:00,1.1101021713123496
2023-01-13 14:30:00,1.2645351590769782
2023-01-17 14:30:00,1.2578176091367725
2023-01-18 14:30:00,1.2609672109348293
2023-01-19 14:30:00,1.232695174219156
2023-01-20 14:30:00,1.222931496819204
2023-01-23 14:30:00,1.2163570550196943
2023-01-24 14:30:00,1.253013605276381
2023-01-25 14:30:00,1.2743704530884592
2023-01-26 14:30:00,1.2770472204037038
2023-01-27 14:30:00,1.2851673161124684
2023-01-30 14:30:00,1.2877887459851698
2023-01-31 14:30:00,1.2697613114912094
2023-02-01 14:30:00,1.2910366321450406
2023-02-02 14:30:00,1.273363491360628
2023-02-03 14:30:00,1.2396059206510015
2023-02-06 14:30:00,1.2352683169868417
2023-02-07 14:30:00,1.2234626661379602
2023-02-08 14:30:00,1.2099097449247647
2023-02-09 14:30:00,1.199874066224664
2023-02-10 14:30:00,1.1309492691952745
2023-02-13 14:30:00,1.1196119363000736
2023-02-14 14:30:00,1.0858465451386883
2023-02-15 14:30:00,1.0438748403806517
2023-02-16 14:30:00,1.2780219436395606
2023-02-17 14:30:00,1.2627579089564283
2023-02-21 14:30:00,1.2526869366421554
2023-02-22 14:30:00,1.2659707378052287
2023-02-23 14:30:00,1.2585425970966788
2023-02-24 14:30:00,1.2852702460399468
2023-02-27 14:30:00,1.2793267346945232
2023-02-28 14:30:00,1.256253902377788
2023-03-01 05:00:00,1.3271841077470912
2023-03-01 14:30:00,1.2543628825712407
2023-03-02 14:30:00,1.278897826773927
2023-03-03 14:30:00,1.2642908461839026
2023-03-06 14:30:00,1.2765611193046058
2023-03-07 14:30:00,1.4098909774060762
2023-03-08 14:30:00,1.4813893623598868
2023-03-09 14:30:00,1.5116133995670322
2023-03-10 14:30:00,1.501920802135101
2023-03-13 13:30:00,1.4768436418664195
2023-03-14 13:30:00,1.4991848083134072
2023-03-15 13:30:00,1.5201035461902488
2023-03-16 13:30:00,1.3611638129444332
2023-03-17 13:30:00,1.3578435901930148
2023-03-20 13:30:00,1.3288924804483497
2023-03-21 13:30:00,1.3024918353417199
2023-03-22 13:30:00,1.3579954804822911
2023-03-23 13:30:00,1.3179602252614702
2023-03-24 13:30:00,1.2721869060074524
2023-03-27 13:30:00,1.2465814253407517
2023-03-28 13:30:00,1.27524835956424
2023-03-29 13:30:00,1.2987163677051239
2023-03-30 13:30:00,1.28092076583069
2023-03-31 13:30:00,1.2980164849401796
2023-04-03 13:30:00,1.3025171691173802
2023-04-04 13:30:00,1.2904511807161871
2023-04-05 13:30:00,1.2200640027102907
2023-04-06 13:30:00,1.2240902291921705
2023-04-10 13:30:00,1.1962864301621643
2023-04-11 13:30:00,1.2750269542289219
2023-04-12 13:30:00,1.2679063158710253
2023-04-13 13:30:00,1.2952840122854548
2023-04-14 13:30:00,1.2488210185820636
2023-04-17 13:30:00,1.26083425657128
2023-04-18 13:30:00,1.2502869134410284
2023-04-19 13:30:00,1.2633049776787293
2023-04-20 13:30:00,1.2422563022913704
2023-04-21 13:30:00,1.2891018820166849
2023-04-24 13:30:00,1.2699100234689804
2023-04-25 13:30:00,1.3001093935573262
2023-04-26 13:30:00,1.2850724705670333
2023-04-27 13:30:00,1.2478504517097457
2023-04-28 13:30:00,1.2577819963177534
2023-05-01 13:30:00,1.2886969232254897
2023-05-02 13:30:00,1.2741889381545948
2023-05-03 13:30:00,1.3171333331441235
2023-05-04 13:30:00,1.3166139333434357
2023-05-05 13:30:00,1.264897379667588
2023-05-08 13:30:00,1.304730331267166
2023-05-09 13:30:00,1.3179577181228013
2023-05-10 13:30:00,1.376682424576861
2023-05-11 13:30:00,1.3928777780616044
2023-05-12 13:30:00,1.353928772111372
2023-05-15 13:30:00,1.3664562781670262
2023-05-16 13:30:00,1.3788689366149542
2023-05-17 13:30:00,1.3158525414480522
2023-05-18 13:30:00,1.3049379656379687
2023-05-19 13:30:00,1.3089265308147011
2023-05-22 13:30:00,1.154360781071924
2023-05-23 13:30:00,1.2278366833496845
2023-05-24 13:30:00,1.2245150166351606
2023-05-25 13:30:00,1.1635090577289524
2023-05-26 13:30:00,1.2180736494795812
2023-05-30 13:30:00,1.2256339442725537
2023-05-31 13:30:00,1.1940981924915874
2023-06-01 04:00:00,1.1689654525993145
2023-06-01 13:30:00,1.382931962346909
2023-06-02 13:30:00,1.2139469940444807
2023-06-05 13:30:00,1.2620505310830623
2023-06-06 13:30:00,1.2179006346496466
2023-06-07 13:30:00,1.251658469539633
2023-06-08 13:30:00,1.4052325909251504
2023-06-09 13:30:00,1.3976550337446294
2023-06-12 13:30:00,1.3417608026229613
2023-06-13 13:30:00,1.3159100906152361
2023-06-14 13:30:00,1.3049179403647693
2023-06-15 13:30:00,1.2449163317738687
2023-06-16 13:30:00,1.2081641476564464
2023-06-20 13:30:00,1.2099524469559162
2023-06-21 13:30:00,1.2702238117395717
2023-06-22 13:30:00,1.3083050250516994
2023-06-23 13:30:00,1.2617897098830093
2023-06-26 13:30:00,1.3159231762646486
2023-06-27 13:30:00,1.4291294714297815
2023-06-28 13:30:00,1.3557377942852984
2023-06-29 13:30:00,1.388690944771288
2023-06-30 13:30:00,1.3794507975465946
2023-07-03 13:30:00,1.3213006688203215
2023-07-05 13:30:00,1.3187225864836205
2023-07-06 13:30:00,1.3225600041850618
2023-07-07 13:30:00,1.3471494210966746
2023-07-10 13:30:00,1.3656050120976615
2023-07-11 13:30:00,1.4627320331594287
2023-07-12 13:30:00,1.3878777800407465
2023-07-13 13:30:00,1.3025698961551995
2023-07-14 13:30:00,1.2432025236027395
2023-07-17 13:30:00,1.2411369124474132
2023-07-18 13:30:00,1.2645250536014099
2023-07-19 13:30:00,1.264286112589324
2023-07-20 13:30:00,1.2497297788244466
2023-07-21 13:30:00,1.2765036734467161
2023-07-24 13:30:00,1.2745969222353029
2023-07-25 13:30:00,1.311997242870027
2023-07-26 13:30:00,1.2564354630674974
2023-07-27 13:30:00,1.2793620201400064
2023-07-28 13:30:00,1.3191405407704093
2023-07-31 13:30:00,1.229220775161324
2023-08-01 13:30:00,1.2377496500612022
2023-08-02 13:30:00,1.2763084591302876
2023-08-03 13:30:00,1.326919070790634
2023-08-04 13:30:00,1.361966995732989
2023-08-07 13:30:00,1.412213339180768
2023-08-08 13:30:00,1.4349955075651095
2023-08-09 13:30:00,1.4478462503440455
2023-08-10 13:30:00,1.476589662387418
2023-08-11 13:30:00,1.49441812373866
2023-08-14 13:30:00,1.5057814318708653
2023-08-15 13:30:00,1.5226686949839319
2023-08-16 13:30:00,1.5459900339032226
2023-08-17 13:30:00,1.511930310244262
2023-08-18 13:30:00,1.5500050024854188
2023-08-21 13:30:00,1.5461625764135005
2023-08-22 13:30:00,1.5235685540467838
2023-08-23 13:30:00,1.5358537700441015
2023-08-24 13:30:00,1.4246446673155444
2023-08-25 13:30:00,1.5075453146151243
2023-08-28 13:30:00,1.4189846446244878
2023-08-29 13:30:00,1.4148698054876572
2023-08-30 13:30:00,1.4431600686018484
2023-08-31 13:30:00,1.4672596858780416
2023-09-01 04:00:00,1.4986575909703608
2023-09-01 13:30:00,1.5168668364369287
2023-09-05 13:30:00,1.552531830764077
2023-09-06 13:30:00,1.5761344071205168
2023-09-07 13:30:00,1.544477515985135
2023-09-08 13:30:00,1.5958385604103404
2023-09-11 13:30:00,1.5956507114590393
2023-09-12 13:30:00,1.6054222443508206
2023-09-13 13:30:00,1.5960586801256604
2023-09-14 13:30:00,1.526913097069378
2023-09-15 13:30:00,1.4987026713945013
2023-09-18 13:30:00,1.5001611339445722
2023-09-19 13:30:00,1.5293976613860214
2023-09-20 13:30:00,1.5207424141558172
2023-09-21 13:30:00,1.499270053578777
2023-09-22 13:30:00,1.5175841989245822
2023-09-25 13:30:00,1.5180883669213299
2023-09-26 13:30:00,1.5430376962713792
2023-09-27 13:30:00,1.5065857623248187
2023-09-28 13:30:00,1.5453509910582341
2023-09-29 13:30:00,1.51776337270816
2023-10-02 13:30:00,1.5009143979619233
2023-10-03 13:30:00,1.4605251572486924
2023-10-04 13:30:00,1.4049905721608982
2023-10-05 13:30:00,1.324552205625379
2023-10-06 13:30:00,1.2846142822849191
2023-10-09 13:30:00,1.2992706700346601
2023-10-10 13:30:00,1.331700949386565
2023-10-11 13:30:00,1.3468892577719125
2023-10-12 13:30:00,1.344692814418626
2023-10-13 13:30:00,1.336660548967635
2023-10-16 13:30:00,1.273057919951207
2023-10-17 13:30:00,1.2721668095141683
2023-10-18 13:30:00,1.3063684385419605
2023-10-19 13:30:00,1.275939472949206
2023-10-20 13:30:00,1.2126513129860463
2023-10-23 13:30:00,1.2035850578283156
2023-10-24 13:30:00,1.2026626545240415
2023-10-25 13:30:00,1.2015637912715886
2023-10-26 13:30:00,1.2610515284541453
2023-10-27 13:30:00,1.3159310907741997
2023-10-30 13:30:00,1.2249858362898203
2023-10-31 13:30:00,1.227346191267096
2023-11-01 13:30:00,1.2838380431081737
2023-11-02 13:30:00,1.2921755064301095
2023-11-03 13:30:00,1.3454695415521458
2023-11-06 14:30:00,1.3027142718964406
2023-11-07 14:30:00,1.2718840511679137
2023-11-08 14:30:00,1.2317066568383368
2023-11-09 14:30:00,1.2765783311836345
2023-11-10 14:30:00,1.2919625466445195
2023-11-13 14:30:00,1.2955305044872343
2023-11-14 14:30:00,1.307783492868485
2023-11-15 14:30:00,1.306951453703223
2023-11-16 14:30:00,1.2948401244932333
2023-11-17 14:30:00,1.3326850267594164
2023-11-20 14:30:00,1.362397801516451
2023-11-21 14:30:00,1.3736852804160007
2023-11-22 14:30:00,1.4421364193665323
2023-11-24 14:30:00,1.4046075837150527
2023-11-27 14:30:00,1.363405066895845
2023-11-28 14:30:00,1.391904709660164
2023-11-29 14:30:00,1.3435952917763998
2023-11-30 14:30:00,1.3794447147167608
2023-12-01 05:00:00,1.4070230560172725
2023-12-01 14:30:00,1.5819614082262954
2023-12-04 14:30:00,1.4483825480224524
2023-12-05 14:30:00,1.5021959239419833
2023-12-06 14:30:00,1.5043018897580143
2023-12-07 14:30:00,1.515512773602589
2023-12-08 14:30:00,1.4761615790803906
2023-12-11 14:30:00,1.4925506380912232
2023-12-12 14:30:00,1.48160066686347
2023-12-13 14:30:00,1.4527263256933147
2023-12-14 14:30:00,1.4103640541190643
2023-12-15 14:30:00,1.4392420195464377
2023-12-18 14:30:00,1.4261660788563248
2023-12-19 14:30:00,1.4105758059036662
2023-12-20 14:30:00,1.4114332411610007
2023-12-21 14:30:00,1.4382215678693726
2023-12-22 14:30:00,1.3798882943759119
2023-12-26 14:30:00,1.4183841773861285
2023-12-27 14:30:00,1.364223207697737
2023-12-28 14:30:00,1.3998026712763219
2023-12-29 14:30:00,1.3884444134880862
2024-01-02 14:30:00,1.4061346554236291
2024-01-03 14:30:00,1.4296972396569472
2024-01-04 14:30:00,1.4158637473103344
2024-01-05 14:30:00,1.4156190510308937
2024-01-08 14:30:00,1.4157509951368918
2024-01-09 14:30:00,1.3905157028284507
2024-01-10 14:30:00,1.383646566895264
2024-01-11 14:30:00,1.3677655233876826
2024-01-12 14:30:00,1.4130669334187596
2024-01-16 14:30:00,1.3936998704805295
2024-01-17 14:30:00,1.3780660537626894
2024-01-18 14:30:00,1.395790700060135
2024-01-19 14:30:00,1.3524644096990772
2024-01-22 14:30:00,1.3265632762880866
2024-01-23 14:30:00,1.336954959079005
2024-01-24 14:30:00,1.2977398961445867
2024-01-25 14:30:00,1.2535696134272902
2024-01-26 14:30:00,1.2791090072844362
2024-01-29 14:30:00,1.2965021535007386
2024-01-30 14:30:00,1.308840076784903
2024-01-31 14:30:00,1.3433863069828784
2024-02-01 14:30:00,1.3630494486308133
2024-02-02 14:30:00,1.3871240566818661
2024-02-05 14:30:00,1.382999255655641
2024-02-06 14:30:00,1.3783847217986693
2024-02-07 14:30:00,1.3975260781255125
2024-02-08 14:30:00,1.3523729952718773
2024-02-09 14:30:00,1.3176444643899994
2024-02-12 14:30:00,1.317541967712905
2024-02-13 14:30:00,1.299382951577959
2024-02-14 14:30:00,1.3752376776793571
2024-02-15 14:30:00,1.3572377963332398
2024-02-16 14:30:00,1.3070232445828889
2024-02-20 14:30:00,1.3535948914582172
2024-02-21 14:30:00,1.3529870387204932
2024-02-22 14:30:00,1.3869295600541982
2024-02-23 14:30:00,1.406215741440385
2024-02-26 14:30:00,1.412372399834556
2024-02-27 14:30:00,1.4023230323849603
2024-02-28 14:30:00,1.433101762149239
2024-02-29 14:30:00,1.4606187938435482
2024-03-01 05:00:00,1.4005312633211688
2024-03-01 14:30:00,1.5833319254739258
2024-03-04 14:30:00,1.4099201078072359
2024-03-05 14:30:00,1.3901023732312405
2024-03-06 14:30:00,1.4012904428977448
2024-03-07 14:30:00,1.44751681123994
2024-03-08 14:30:00,1.4480173241191587
2024-03-11 13:30:00,1.4441705815586734
2024-03-12 13:30:00,1.4020237948265402
2024-03-13 13:30:00,1.4400002887378403
2024-03-14 13:30:00,1.4527695661708748
2024-03-15 13:30:00,1.5098840677842629
2024-03-18 13:30:00,1.5106356252707251
2024-03-19 13:30:00,1.47072275950557
2024-03-20 13:30:00,1.473918114279842
2024-03-21 13:30:00,1.5092882597200603
2024-03-22 13:30:00,1.5543650805408518
2024-03-25 13:30:00,1.5546422131124795
2024-03-26 13:30:00,1.5559886036212385
2024-03-27 13:30:00,1.5998145498923835
2024-03-28 13:30:00,1.517619814429141
2024-04-01 13:30:00,1.4984627863855982
2024-04-02 13:30:00,1.50424759852883
2024-04-03 13:30:00,1.484352517664534
2024-04-04 13:30:00,1.532788449674782
2024-04-05 13:30:00,1.5284173586778649
2024-04-08 13:30:00,1.583831098446891
2024-04-09 13:30:00,1.5274060597167807
2024-04-10 13:30:00,1.3926780240255865
2024-04-11 13:30:00,1.445128010866913
2024-04-12 13:30:00,1.3968147644182645
2024-04-15 13:30:00,1.458431731105488
2024-04-16 13:30:00,1.4926583505058646
2024-04-17 13:30:00,1.5302204618430884
2024-04-18 13:30:00,1.484235300429732
2024-04-19 13:30:00,1.4398310276512625
2024-04-22 13:30:00,1.4422600645897978
2024-04-23 13:30:00,1.3978590286697419
2024-04-24 13:30:00,1.404958678748656
2024-04-25 13:30:00,1.3906719910080818
2024-04-26 13:30:00,1.411716595954668
2024-04-29 13:30:00,1.4074286321571958
2024-04-30 13:30:00,1.4017407180576427
2024-05-01 13:30:00,1.4726280711418633
2024-05-02 13:30:00,1.4613162926582142
2024-05-03 13:30:00,1.4488504921160894
2024-05-06 13:30:00,1.419724760269328
2024-05-07 13:30:00,1.429308192836927
2024-05-08 13:30:00,1.3777523008498627
2024-05-09 13:30:00,1.3995983796298908
2024-05-10 13:30:00,1.3992891977095228
2024-05-13 13:30:00,1.3607880430190435
2024-05-14 13:30:00,1.3476380301123712
2024-05-15 13:30:00,1.3136182981706153
2024-05-16 13:30:00,1.32380460636084
2024-05-17 13:30:00,1.2676081867144957
2024-05-20 13:30:00,1.2781798928431325
2024-05-21 13:30:00,1.2605078980251008
2024-05-22 13:30:00,1.2814371781513365
2024-05-23 13:30:00,1.269294525621704
2024-05-24 13:30:00,1.3745492006522881
2024-05-28 13:30:00,1.3669128376590383
2024-05-29 13:30:00,1.3407870153153085
2024-05-30 13:30:00,1.310527105734245
2024-05-31 13:30:00,1.3030759959974871
2024-06-01 04:00:00,1.2670888653636425
2024-06-03 13:30:00,0.9255583540990313
2024-06-04 13:30:00,1.0183139625720437
2024-06-05 13:30:00,0.9908037737366509
2024-06-06 13:30:00,1.0556831926733194
2024-06-07 13:30:00,0.999566802780328
2024-06-10 13:30:00,1.06969385853013
2024-06-11 13:30:00,1.092029529825789
2024-06-12 13:30:00,1.098059611551739
2024-06-13 13:30:00,1.133486901855101
2024-06-14 13:30:00,1.1121537166850264
2024-06-17 13:30:00,1.0749501917225959
2024-06-18 13:30:00,1.0705423747062175
2024-06-20 13:30:00,1.1250722360795602
2024-06-21 13:30:00,1.1314996469576595
2024-06-24 13:30:00,1.1116988800144392
2024-06-25 13:30:00,1.1032198407866378
2024-06-26 13:30:00,1.1430518054748244
2024-06-27 13:30:00,1.112537832291395
2024-06-28 13:30:00,1.0813201458618016
2024-07-01 13:30:00,1.081628362184673
2024-07-02 13:30:00,1.0829749114725233
2024-07-03 13:30:00,1.0729567287667903
2024-07-05 13:30:00,1.1001314973915315
2024-07-08 13:30:00,1.0718084756269957
2024-07-09 13:30:00,1.0976685787153417
2024-07-10 13:30:00,1.0753547449381484
2024-07-11 13:30:00,1.0399620638286518
2024-07-12 13:30:00,1.0115932217383066
2024-07-15 13:30:00,1.001886728660028
2024-07-16 13:30:00,1.0069447570558516
2024-07-17 13:30:00,0.992295449275207
2024-07-18 13:30:00,0.8483611287211992
2024-07-19 13:30:00,0.9035353524590514
2024-07-22 13:30:00,0.849141582807303
2024-07-23 13:30:00,0.8785581508723607
2024-07-24 13:30:00,0.912485583118726
2024-07-25 13:30:00,0.7969978987505044
2024-07-26 13:30:00,0.8088069975276856
2024-07-29 13:30:00,0.8172663389495866
2024-07-30 13:30:00,0.8015366028920963
2024-07-31 13:30:00,0.7584337727475446
2024-08-01 13:30:00,0.835098059819443
2024-08-02 13:30:00,0.7434218933894504
2024-08-05 13:30:00,0.6779852462940223
2024-08-06 13:30:00,0.7566387044028721
2024-08-07 13:30:00,0.7914929967714451
2024-08-08 13:30:00,0.7929262600613839
2024-08-09 13:30:00,0.8292061031664989
2024-08-12 13:30:00,0.803972517770172
2024-08-13 13:30:00,0.808181860527184
2024-08-14 13:30:00,0.8014491904962909
2024-08-15 13:30:00,0.7998569196400859
2024-08-16 13:30:00,0.7748078744310671
2024-08-19 13:30:00,0.7201851650332405
2024-08-20 13:30:00,0.7142755259980169
2024-08-21 13:30:00,0.7132638391195355
2024-08-22 13:30:00,0.7237009896366542
2024-08-23 13:30:00,0.7331590641729954
2024-08-26 13:30:00,0.588235505277588
2024-08-27 13:30:00,0.6294171176538793
2024-08-28 13:30:00,0.6337206471669589
2024-08-29 13:30:00,0.6368512462178884
2024-08-30 13:30:00,0.6575764501266855
2024-09-01 04:00:00,0.6186992179832982
2024-09-03 13:30:00,0.7947526981864983
2024-09-04 13:30:00,0.7272271988179679
2024-09-05 13:30:00,0.7276792437238847
2024-09-06 13:30:00,0.7060496761511966
2024-09-09 13:30:00,0.780955218143896
2024-09-10 13:30:00,0.7533728548950878
2024-09-11 13:30:00,0.7027510000003957
2024-09-12 13:30:00,0.7290409293189314
2024-09-13 13:30:00,0.7345746613726848
2024-09-16 13:30:00,0.7333074134534017
2024-09-17 13:30:00,0.7812958613855542
2024-09-18 13:30:00,0.8319637851734735
2024-09-19 13:30:00,0.8812883533030247
2024-09-20 13:30:00,0.8835533776540002
2024-09-23 13:30:00,0.9052418643426825
2024-09-24 13:30:00,0.8968448455133837
2024-09-25 13:30:00,0.8838041592763782
2024-09-26 13:30:00,0.8464721156242735
2024-09-27 13:30:00,0.8344086546275928
2024-09-30 13:30:00,0.8397764017264135
2024-10-01 13:30:00,0.8545259735492374
2024-10-02 13:30:00,0.8701645935050101
2024-10-03 13:30:00,0.8691872890504074
2024-10-04 13:30:00,0.9150892457943601
2024-10-07 13:30:00,0.9215999855468707
2024-10-08 13:30:00,1.0173643523606304
2024-10-09 13:30:00,0.9388646676964407
2024-10-10 13:30:00,0.9067936910306688
2024-10-11 13:30:00,0.9278230558712911
2024-10-14 13:30:00,0.943514471097165
2024-10-15 13:30:00,0.9110606569782216
2024-10-16 13:30:00,0.8847066158956697
2024-10-17 13:30:00,0.8413972487117668
2024-10-18 13:30:00,0.8414953693572284
2024-10-21 13:30:00,0.8071681834706755
2024-10-22 13:30:00,0.8018594963329296
2024-10-23 13:30:00,0.7670048245984572
2024-10-24 13:30:00,0.7522603596617993
2024-10-25 13:30:00,0.7563814887027613
2024-10-28 13:30:00,0.7249526315060275
2024-10-29 13:30:00,0.7211049633333526
2024-10-30 13:30:00,0.7527403656413064
2024-10-31 13:30:00,0.7570704182710221
2024-11-01 13:30:00,0.7585113726432904
2024-11-04 14:30:00,0.8016093161036684
2024-11-05 14:30:00,0.8581469656897537
2024-11-06 14:30:00,0.8609912890555659
2024-11-07 14:30:00,0.8842738028236942
2024-11-08 14:30:00,0.8844466434164038
2024-11-11 14:30:00,0.8630506740049562
2024-11-12 14:30:00,0.8626993282802726
2024-11-13 14:30:00,0.879252226293499
2024-11-14 14:30:00,0.8826345519766466
2024-11-15 14:30:00,0.8857123320660721
2024-11-18 14:30:00,0.8928417503199659
2024-11-19 14:30:00,0.8934135751222698
2024-11-20 14:30:00,0.8765481952554035
2024-11-21 14:30:00,0.8935769669762276
2024-11-22 14:30:00,0.8603311113436296
2024-11-25 14:30:00,0.8827092444291146
2024-11-26 14:30:00,0.8502518576088447
2024-11-27 14:30:00,0.8477564509617896
2024-11-29 14:30:00,0.8310515438854409
2024-12-01 05:00:00,0.8406725491006328
2024-12-02 14:30:00,0.7477589605932534
2024-12-03 14:30:00,0.8102703728205691
2024-12-04 14:30:00,0.8291364396417179
2024-12-05 14:30:00,0.8125267027830974
2024-12-06 14:30:00,0.8059407086954732
2024-12-09 14:30:00,0.8349898560583507
2024-12-10 14:30:00,0.8161759168246775
2024-12-11 14:30:00,0.8047724792947308
2024-12-12 14:30:00,0.8215499961148623
2024-12-13 14:30:00,0.8278660833641166
2024-12-16 14:30:00,0.822009591001723
2024-12-17 14:30:00,0.8180211596538071
2024-12-18 14:30:00,0.8041140000465223
2024-12-19 14:30:00,0.8704394937765574
2024-12-20 14:30:00,0.8806536952953045
2024-12-23 14:30:00,0.858815367910792
2024-12-24 14:30:00,0.8577199423332423
2024-12-26 14:30:00,0.8465138244673286
2024-12-27 14:30:00,0.8522331121022155
2024-12-30 14:30:00,0.8440032802305536
2024-12-31 14:30:00,0.8765453412080597
2025-01-02 14:30:00,0.8816153073958855
2025-01-03 14:30:00,0.895237749284404
2025-01-06 14:30:00,0.8851054419791041
2025-01-07 14:30:00,0.9121460412409234
2025-01-08 14:30:00,0.938560942893992
2025-01-10 14:30:00,0.9381676103350793
2025-01-13 14:30:00,1.0004899904984645
2025-01-14 14:30:00,1.002110331435868
2025-01-15 14:30:00,0.9737410372411949
2025-01-16 14:30:00,0.8969217613707001
2025-01-17 14:30:00,0.8794950822601054
2025-01-21 14:30:00,0.8413832293739221
2025-01-22 14:30:00,0.8820340599779689
2025-01-23 14:30:00,0.9401351981447602
2025-01-24 14:30:00,0.9158952688686146
2025-01-27 14:30:00,0.9002770283084531
2025-01-28 14:30:00,0.6915217597686977
2025-01-29 14:30:00,0.720157362954174
2025-01-30 14:30:00,0.7536287108076614
2025-01-31 14:30:00,0.7762622491915198
2025-02-03 14:30:00,0.748851637855744
2025-02-04 14:30:00,0.7216438408051987
2025-02-05 14:30:00,0.7160991384525035
2025-02-06 14:30:00,0.6797782428342766
2025-02-07 14:30:00,0.690839019855931
2025-02-10 14:30:00,0.7010679972478671
2025-02-11 14:30:00,0.663225528112346
2025-02-12 14:30:00,0.6391523980374334
2025-02-13 14:30:00,0.6390429104435734
2025-02-14 14:30:00,0.5880374554563826
2025-02-18 14:30:00,0.5490725635655866
2025-02-19 14:30:00,0.5293328883235675
2025-02-20 14:30:00,0.506587320834535
2025-02-21 14:30:00,0.47209695397343115
2025-02-24 14:30:00,0.446287946408043
2025-02-25 14:30:00,0.4181591950300022
2025-02-26 14:30:00,0.4634256479379972
2025-02-27 14:30:00,0.5038352844400187
2025-02-28 14:30:00,0.471955450227823
2025-03-01 05:00:00,0.37457075892963465
2025-03-03 14:30:00,0.48409611462310925
2025-03-04 14:30:00,0.3795627951903646
2025-03-05 14:30:00,0.45253022178873764
2025-03-06 14:30:00,0.49857867697199043
2025-03-07 14:30:00,0.4643748323331015
2025-03-10 13:30:00,0.512879179271134
2025-03-11 13:30:00,0.45252260531432825
2025-03-12 13:30:00,0.5400097188850539
2025-03-13 13:30:00,0.5693121556575361
2025-03-14 13:30:00,0.5348370929388999
2025-03-17 13:30:00,0.5453846743102433
2025-03-18 13:30:00,0.5689044019519287
2025-03-19 13:30:00,0.5912277013084125
2025-03-20 13:30:00,0.6025430067441631
2025-03-21 13:30:00,0.595461786524846
2025-03-24 13:30:00,0.5964438924555437
2025-03-25 13:30:00,0.617210332327405
2025-03-26 13:30:00,0.6244774119936659
2025-03-27 13:30:00,0.5622244609107161
2025-03-28 13:30:00,0.569039901699436
2025-03-31 13:30:00,0.5747532768105909
2025-04-01 13:30:00,0.5540601209751939
2025-04-02 13:30:00,0.5560415701370743
2025-04-03 13:30:00,0.5613274473460705
2025-04-04 13:30:00,0.4895686765561828
2025-04-07 13:30:00,0.5857419357462842
2025-04-08 13:30:00,0.6415381670494985
2025-04-09 13:30:00,0.6616799295969363
2025-04-10 13:30:00,0.6417362961246275
2025-04-11 13:30:00,0.6395050849694469
2025-04-14 13:30:00,0.6374280755116668
2025-04-15 13:30:00,0.624982130285077
2025-04-16 13:30:00,0.6234834992784527
2025-04-17 13:30:00,0.6442800870831481
2025-04-21 13:30:00,0.6477799708193342
2025-04-22 13:30:00,0.6198962745190123
2025-04-23 13:30:00,0.5999512244629173
2025-04-24 13:30:00,0.6390471115556241
2025-04-25 13:30:00,0.6450715246287976
2025-04-28 13:30:00,0.6544967944808376
2025-04-29 13:30:00,0.6756901570888422
2025-04-30 13:30:00,0.6565666245591806
2025-05-01 13:30:00,0.6781589617049878
2025-05-02 13:30:00,0.704852499362281
2025-05-05 13:30:00,0.6853446721862867
2025-05-06 13:30:00,0.7111055566996956
2025-05-07 13:30:00,0.7136302779422184
2025-05-08 13:30:00,0.6988992707873132
2025-05-09 13:30:00,0.739685532486475
2025-05-12 13:30:00,0.7231649837891609
2025-05-13 13:30:00,0.7384079186684727
2025-05-14 13:30:00,0.7715707576843682
2025-05-15 13:30:00,0.7681876226364422
2025-05-16 13:30:00,0.7469665116346507
2025-05-19 13:30:00,0.7619413210433856
2025-05-20 13:30:00,0.7419947513815333
2025-05-21 13:30:00,0.7445827743284705
2025-05-22 13:30:00,0.741086274832925
2025-05-23 13:30:00,0.757756459156472
2025-05-27 13:30:00,0.6261207130851907
2025-05-28 13:30:00,0.7149937295249326
2025-05-29 13:30:00,0.7055173223587401
2025-05-30 13:30:00,0.7014590806595109
2025-06-01 04:00:00,0.6995950679935442
2025-06-02 13:30:00,0.718867959686405
2025-06-03 13:30:00,0.7087479514809497
2025-06-04 13:30:00,0.7464383373000927
2025-06-05 13:30:00,0.7575442118085628
2025-06-06 13:30:00,0.7690007756130892
2025-06-09 13:30:00,0.7856653338847869
2025-06-10 13:30:00,0.7691625606186003
2025-06-11 13:30:00,0.742474865817156
2025-06-12 13:30:00,0.7446257300961268
2025-06-13 13:30:00,0.7346239868897866
2025-06-16 13:30:00,0.7615011880230672
2025-06-17 13:30:00,0.7462807299651222
2025-06-18 13:30:00,0.7136061740222316
2025-06-20 13:30:00,0.7484416197363548
2025-06-23 13:30:00,0.7573385641847497
2025-06-24 13:30:00,0.7321292794949925
2025-06-25 13:30:00,0.7578457713208869
2025-06-26 13:30:00,0.7711576656204111
2025-06-27 13:30:00,0.7868147633389515
2025-06-30 13:30:00,0.7771335727244417
2025-07-01 13:30:00,0.7492593266712783
2025-07-02 13:30:00,0.7109694177187988
2025-07-03 13:30:00,0.7311510733814668
2025-07-07 13:30:00,0.7913372174402541
2025-07-08 13:30:00,0.8359433040536328
2025-07-09 13:30:00,0.8254917310208794
2025-07-10 13:30:00,0.8294691073928571
2025-07-11 13:30:00,0.8090603301436686
2025-07-14 13:30:00,0.8253917524663416
2025-07-15 13:30:00,0.7880023476678271
2025-07-16 13:30:00,0.781670034473331
2025-07-17 13:30:00,0.7628453646390236
2025-07-18 13:30:00,0.7881664974906674
2025-07-21 13:30:00,0.8149554031018563
2025-07-22 13:30:00,0.7630733809632537
2025-07-23 13:30:00,0.8060065392854988
2025-07-24 13:30:00,0.8338200381748343
2025-07-25 13:30:00,0.7832383334251466
2025-07-28 13:30:00,0.7482133080585446
2025-07-29 13:30:00,0.7170206357014534
2025-07-30 13:30:00,0.692929281764186
2025-07-31 13:30:00,0.7056457047014285
2025-08-01 13:30:00,0.6941598029165698
2025-08-04 13:30:00,0.6831138394760422
2025-08-05 13:30:00,0.6516966664893359
2025-08-06 13:30:00,0.6220844079286031
2025-08-07 13:30:00,0.5794634061553379
2025-08-08 13:30:00,0.5484617373526136
2025-08-11 13:30:00,0.5204202422760985
2025-08-12 13:30:00,0.5053522511435474
2025-08-13 13:30:00,0.5033702156073221
2025-08-14 13:30:00,0.4894376522512982
2025-08-15 13:30:00,0.47853639427890277
2025-08-18 13:30:00,0.489829155129785
2025-08-19 13:30:00,0.4772387238066847
2025-08-20 13:30:00,0.4842837562199776
2025-08-21 13:30:00,0.48923790012323276
2025-08-22 13:30:00,0.4937504281671758
2025-08-25 13:30:00,0.44088891707621747
2025-08-26 13:30:00,0.4438050737176974
2025-08-27 13:30:00,0.45231174695538506
2025-08-28 13:30:00,0.4252239446238681
2025-08-29 13:30:00,0.43864719185933576
2025-09-01 04:00:00,0.4093399542752123
2025-09-02 13:30:00,0.36030795406000926
2025-09-03 13:30:00,0.3672884104480701
2025-09-04 13:30:00,0.3748988146754075
2025-09-05 13:30:00,0.3962074473112548
2025-09-08 13:30:00,0.42286502920948876
2025-09-09 13:30:00,0.4282770747120726
2025-09-10 13:30:00,0.44377857323684833
2025-09-11 13:30:00,0.5009179093809406
2025-09-12 13:30:00,0.48742505125966656
2025-09-15 13:30:00,0.5012865422053965
2025-09-16 13:30:00,0.5185012195889818
2025-09-17 13:30:00,0.5028269552322894
2025-09-18 13:30:00,0.48001520985332724
2025-09-19 13:30:00,0.5158920510926542
2025-09-22 13:30:00,0.48392653640714256
2025-09-23 13:30:00,0.4994494777388314
2025-09-24 13:30:00,0.4668653533127619
2025-09-25 13:30:00,0.5186640272063985
2025-09-26 13:30:00,0.541271376966593
2025-09-29 13:30:00,0.5524935576759329
2025-09-30 13:30:00,0.5454720463638963
2025-10-01 13:30:00,0.5407905133804104
2025-10-02 13:30:00,0.5405464017446503
2025-10-03 13:30:00,0.5385355990330202
2025-10-06 13:30:00,0.5184690401489154
2025-10-07 13:30:00,0.5233712858897107
2025-10-08 13:30:00,0.5350043784778168
2025-10-09 13:30:00,0.5513349647660135
2025-10-10 13:30:00,0.5344995194544357
2025-10-13 13:30:00,0.5486553235403235
2025-10-14 13:30:00,0.5829812419956224
2025-10-15 13:30:00,0.591203774606637
2025-10-16 13:30:00,0.5975333938102803
2025-10-17 13:30:00,0.588096176055506
2025-10-20 13:30:00,0.5500291818892042
2025-10-21 13:30:00,0.5226860678095967
2025-10-22 13:30:00,0.5223559612854883
2025-10-23 13:30:00,0.4865890092285566
2025-10-24 13:30:00,0.49769851415282623
2025-10-27 13:30:00,0.5237388527400446
2025-10-28 13:30:00,0.4675312816567257
2025-10-29 13:30:00,0.46874274271403965
2025-10-30 13:30:00,0.5030460172663483
2025-10-31 13:30:00,0.5202780375786971
2025-11-03 14:30:00,0.49305140531392255
2025-11-04 14:30:00,0.4964849846236835
2025-11-05 14:30:00,0.4789628259941397
2025-11-06 14:30:00,0.4927725885789488
2025-11-07 14:30:00,0.4757270471435162
2025-11-10 14:30:00,0.49142440033708534
2025-11-11 14:30:00,0.474934188883285
2025-11-12 14:30:00,0.4388194307369857
2025-11-13 14:30:00,0.44496787706016344
2025-11-14 14:30:00,0.4204379324042448
2025-11-17 14:30:00,0.42283578909391595
2025-11-18 14:30:00,0.4136019756803967
2025-11-19 14:30:00,0.4175930892224876
2025-11-20 14:30:00,0.47267700250665123
2025-11-21 14:30:00,0.43638234632295525
2025-11-24 14:30:00,0.40349838530625354
2025-11-25 14:30:00,0.23302753928668532
2025-11-26 14:30:00,0.31495021660730427
2025-11-28 14:30:00,0.2923024113827511
2025-12-01 05:00:00,0.2914777190076027
2025-12-01 14:30:00,0.31935813507166755
2025-12-02 14:30:00,0.3172608808226521
2025-12-03 14:30:00,0.294909964204685
2025-12-04 14:30:00,0.309864058616282
2025-12-05 14:30:00,0.33519323965844033
2025-12-08 14:30:00,0.33589334963343853
2025-12-09 14:30:00,0.34454032019823155
2025-12-10 14:30:00,0.33498871934373464
2025-12-11 14:30:00,0.3630092897958348
2025-12-12 14:30:00,0.3922192118008966
2025-12-15 14:30:00,0.33599638339590915
2025-12-16 14:30:00,0.3493949656481244
2025-12-17 14:30:00,0.3585283336261646
2025-12-18 14:30:00,0.3219550178807595
2025-12-19 14:30:00,0.3139785521633316
2025-12-22 14:30:00,0.2988563017810345
2025-12-23 14:30:00,0.28882604760067854
2025-12-24 14:30:00,0.26882024823050404
2025-12-26 14:30:00,0.2620702953114064
2025-12-29 14:30:00,0.24446017638864204
2025-12-30 14:30:00,0.25115367118923204
2025-12-31 14:30:00,0.27355584865685273
2026-01-02 14:30:00,0.27812296353106736
2026-01-05 14:30:00,0.33944446145972484
2026-01-06 14:30:00,0.3129506232610493
2026-01-07 14:30:00,0.331641977380791
2026-01-08 14:30:00,0.2991839990307703
2026-01-09 14:30:00,0.2546001575955705
2026-01-12 14:30:00,0.31346643401463603
2026-01-13 14:30:00,0.3709922660157255
2026-01-14 14:30:00,0.3815483084279367
2026-01-15 14:30:00,0.40448988934726704
2026-01-16 14:30:00,0.45870047016731236
2026-01-20 14:30:00,0.4375520633126975
2026-01-21 14:30:00,0.43041241508582023
2026-01-22 14:30:00,0.45021774690827354
2026-01-23 14:30:00,0.41205437155587965
2026-01-26 14:30:00,0.374873333965928
2026-01-27 14:30:00,0.319626379068108
2026-01-28 14:30:00,0.3300473204785572
2026-01-29 14:30:00,0.35089239928731664
2026-01-30 14:30:00,0.34871675056638357
2026-02-02 14:30:00,0.35776405435231584
2026-02-03 14:30:00,0.37846253274593106
2026-02-04 14:30:00,0.40662174066353984
2026-02-05 14:30:00,0.3909333726629543
2026-02-06 14:30:00,0.36370253135147346
2026-02-09 14:30:00,0.40792849409159276
2026-02-10 14:30:00,0.41137349632459214
2026-02-11 14:30:00,0.39365708414423
2026-02-12 14:30:00,0.3963921799568484
2026-02-13 14:30:00,0.39680060772540104
2026-02-17 14:30:00,0.3856112143502419
2026-02-18 14:30:00,0.3826736102093704
2026-02-19 14:30:00,0.35155984718992683
2026-02-20 14:30:00,0.3628890368395371
2026-02-23 14:30:00,0.3001216725286661
2026-02-24 14:30:00,0.2796174571294508
2026-02-25 14:30:00,0.09712910375142007
2026-02-26 14:30:00,0.17483881206482607
2026-02-27 14:30:00,0.20447403182479512
2026-03-01 05:00:00,0.1526673373547166
2026-03-02 14:30:00,0.248953410315121
2026-03-03 14:30:00,0.20117714991794397
2026-03-04 14:30:00,0.1799269721355449
2026-03-05 14:30:00,0.20267221533463317
2026-03-06 14:30:00,0.1804595994212777
2026-03-09 13:30:00,0.14905592709161275
2026-03-10 13:30:00,0.1439074542757992
2026-03-11 13:30:00,0.16299055442548244
2026-03-12 13:30:00,0.1673706959987789
2026-03-13 13:30:00,0.16608086033648944
2026-03-16 13:30:00,0.14109740630212403
2026-03-17 13:30:00,0.12247644675832169
2026-03-18 13:30:00,0.12926877462343755
2026-03-19 13:30:00,0.1618992306582973
2026-03-20 13:30:00,0.1519755841605588
2026-03-23 13:30:00,0.1923619721475021
2026-03-24 13:30:00,0.20542299614894435
2026-03-25 13:30:00,0.21387845120665422
2026-03-26 13:30:00,0.19259825823369234
2026-03-27 13:30:00,0.1237569518334351
2026-03-30 13:30:00,0.1493006581423934
2026-03-31 13:30:00,0.05712446888906105
2026-04-01 13:30:00,0.0970804537564643
2026-04-02 13:30:00,0.18787263031604282
2026-04-06 13:30:00,0.11259643923516456
2026-04-07 13:30:00,0.10984671745137832
2026-04-08 13:30:00,0.10104892504039195
2026-04-09 13:30:00,0.09044080713203236
2026-04-10 13:30:00,0.06657231411839397
2026-04-13 13:30:00,0.11235810548768645
2026-04-14 13:30:00,0.15869520606134208
2026-04-15 13:30:00,0.1667811503019751
2026-04-16 13:30:00,0.16419329749966222
2026-04-17 13:30:00,0.1554958962241682
2026-04-20 13:30:00,0.16184220112225556
2026-04-21 13:30:00,0.1485166998914177
2026-04-22 13:30:00,0.1382295998049829
2026-04-23 13:30:00,0.13263696193247224
2026-04-24 13:30:00,0.13445540807135106
2026-04-27 13:30:00,0.150153650338776
2026-04-28 13:30:00,0.16739916990831455
2026-04-29 13:30:00,0.17809780539431674
2026-04-30 13:30:00,0.14082659902147462
2026-05-01 13:30:00,0.255015623004816
2026-05-04 13:30:00,0.2243396681775276
2026-05-05 13:30:00,0.2545619836401867
2026-05-06 13:30:00,0.24119762812360668
2026-05-07 13:30:00,0.2911432113011786
2026-05-08 13:30:00,0.2588058831791449
2026-05-11 13:30:00,0.23883526696003335
2026-05-12 13:30:00,0.3124267528727628
2026-05-13 13:30:00,0.2663208530169021
2026-05-14 13:30:00,0.28118723838628773
2026-05-15 13:30:00,0.268541533578102
2026-05-18 13:30:00,0.26082413301969354
2026-05-19 13:30:00,0.13608376724865498
2026-05-20 13:30:00,0.0947438450553375
2026-05-21 13:30:00,0.11238960711660506
2026-05-22 13:30:00,0.12675076471803742
2026-05-26 13:30:00,0.12826103280458642
2026-05-27 13:30:00,0.20612532568025096
2026-05-28 13:30:00,0.4440838709197815
2026-05-29 13:30:00,0.38364619914958215
2026-06-01 04:00:00,0.4084858376963572
2026-06-01 13:30:00,0.34727049286853484
2026-06-02 13:30:00,0.4156296774473202
2026-06-03 13:30:00,0.4104724554544474
2026-06-04 13:30:00,0.40557318304479295
2026-06-05 13:30:00,0.3835925298837525
2026-06-08 13:30:00,0.34581085809483847
2026-06-09 13:30:00,0.3700768580644326
2026-06-10 13:30:00,0.3872555875107246
2026-06-11 13:30:00,0.3126729829563499
2026-06-12 13:30:00,0.30511522702260635
2026-06-15 13:30:00,0.3285921339956938
2026-06-16 13:30:00,0.32275743330328427
2026-06-17 13:30:00,0.36463639953688254
2026-06-18 13:30:00,0.3820054144744253
2026-06-22 13:30:00,0.3912795774116369
2026-06-23 13:30:00,0.43873118549376283
2026-06-24 13:30:00,0.40881673703438154
2026-06-25 13:30:00,0.39703709054736325
2026-06-26 13:30:00,0.4281401297122327
2026-06-29 13:30:00,0.35270837075403033
2026-06-30 13:30:00,0.36574733000715504
2026-07-01 13:30:00,0.3507618886438259
2026-07-02 13:30:00,0.35520737617254344
2026-07-06 13:30:00,0.3102249270488192
2026-07-07 13:30:00,0.3584665420224012
2026-07-08 13:30:00,0.34839100721185123
2026-07-09 13:30:00,0.3670257521225167
2026-07-10 13:30:00,0.3698817669025766
2026-07-13 13:30:00,0.46304080361300876
2026-07-14 13:30:00,0.42765957861106746
2026-07-15 13:30:00,0.43980175247475184
2026-07-16 13:30:00,0.43418848565018014
2026-07-17 13:30:00,0.37823215939345106
2026-07-20 13:30:00,0.5396589088782767
2026-07-21 13:30:00,0.5580904684363487
2026-07-22 13:30:00,0.551541305804824
2026-07-23 13:30:00,0.5680092986064988
2026-07-24 13:30:00,0.6598396825813839
2026-07-27 13:30:00,0.5605001867767037
2026-07-28 13:30:00,0.6255468916474449
2026-07-29 13:30:00,0.6284108293237997
2026-07-30 13:30:00,0.5158438557507032
2026-07-31 13:30:00,0.5771570510868597
2026-08-03 13:30:00,0.6169792760091369
2026-08-04 13:30:00,0.6047570565967954
2026-08-05 13:30:00,0.52953898279011
2026-08-06 13:30:00,0.5614335961954777
2026-08-07 13:30:00,0.5839704093307696
2026-08-10 13:30:00,0.5560408495850382
2026-08-11 13:30:00,0.5719283695904149
2026-08-12 13:30:00,0.6376188665733654
2026-08-13 13:30:00,0.6511175447746403
2026-08-14 13:30:00,0.6125275331368116
2026-08-17 13:30:00,0.6198536339455847
2026-08-18 13:30:00,0.6251531203054449
2026-08-19 13:30:00,0.5893459264501396
2026-08-20 13:30:00,0.5981072416483713
2026-08-21 13:30:00,0.5681519901716601
2026-08-24 13:30:00,0.5664514153534401
