"STUB_1","7/22/11","7/15/11","Difference","Percent Change","7/23/10","Difference","Percent Change"
"Crude Oil","1,078.288","1,078.260","0.028","0.000","1,087.353","-9.065","-0.800"
"Commercial (Excluding SPR)","354.025","351.729","2.296","0.700","360.764","-6.739","-1.900"
"Strategic Petroleum Reserve (SPR)","724.263","726.531","-2.268","-0.300","726.589","-2.326","-0.300"
"Total Motor Gasoline","213.478","212.456","1.022","0.500","222.245","-8.767","-3.900"
"Reformulated","0.053","0.133","-0.080","-60.200","1.700","-1.647","-96.900"
"Conventional","55.231","54.455","0.776","1.400","75.880","-20.649","-27.200"
"Blending Components","158.194","157.868","0.326","0.200","144.665","13.529","9.400"
"Fuel Ethanol","18.872","19.145","-0.273","-1.400","19.523","-0.651","-3.300"
"Kerosene-Type Jet Fuel","45.028","45.057","-0.029","-0.100","48.311","-3.283","-6.800"
"Distillate Fuel Oil","151.845","148.460","3.385","2.300","167.513","-15.668","-9.400"
"15 ppm sulfur and Under","104.208","101.926","2.282","2.200","106.607","-2.399","-2.300"
"> 15 ppm to 500 ppm sulfur","11.223","10.668","0.555","5.200","11.776","-0.553","-4.700"
"> 500 ppm sulfur","36.414","35.865","0.549","1.500","49.130","-12.716","-25.900"
"Residual Fuel Oil","37.453","37.225","0.228","0.600","40.341","-2.888","-7.200"
"Propane/Propylene","48.247","46.601","1.646","3.500","53.010","-4.763","-9.000"
"Other Oils","216.155","213.000","3.155","1.500","207.105","9.050","4.400"
"Unfinished Oils","85.390","85.527","-0.137","-0.200","79.119","6.271","7.900"
"Total Stocks (Including SPR)","1,809.366","1,800.204","9.162","0.500","1,845.401","-36.035","-2.000"
"Total Stocks (Excluding SPR)","1,085.103","1,073.673","11.430","1.100","1,118.812","-33.709","-3.000"
"STUB_1","STUB_2","7/22/11","7/15/11","Difference","7/23/10","Difference","7/22/11","7/23/10","Percent Change","7/22/11","7/23/10","Percent Change"
"Crude Oil Supply ","(1)     Domestic Production","5,377","5,591","-214","5,486","-109","5,517","5,428","1.6","5,570","5,467","1.9"
"Crude Oil Supply ","(2)        Alaska","303","517","-214","575","-272","458","542","-15.4","552","606","-8.9"
"Crude Oil Supply ","(3)        Lower 48","5,074","5,074","0","4,911","163","5,058","4,886","3.5","5,018","4,861","3.2"
"Crude Oil Supply ","(4)     Net Imports (Including SPR)","9,805","9,308","497","11,120","-1,315","9,474","9,923","-4.5","8,862","9,262","-4.3"
"Crude Oil Supply ","(5)        Imports","9,840","9,343","497","11,153","-1,313","9,509","9,956","-4.5","8,896","9,295","-4.3"
"Crude Oil Supply ","(6)            Commercial Crude Oil","9,840","9,343","497","11,153","-1,313","9,509","9,956","-4.5","8,896","9,295","-4.3"
"Crude Oil Supply ","(7)            Imports by SPR","0","0","0","0","0","0","0","–","0","0","–"
"Crude Oil Supply ","(8)            Imports into SPR by Others","0","0","0","0","0","0","0","–","0","–","–"
"Crude Oil Supply ","(9)        Exports","35","35","0","33","2","35","33","6.1","34","33","2.0"
"Crude Oil Supply ","(10)   Stock Change (+/build; -/draw)","4","-532","536","1,044","-1,040","-275","-84","– –","83","165","– –"
"Crude Oil Supply ","(11)       Commercial Stock Change","328","-532","860","1,044","-716","-194","-84","– –","94","165","– –"
"Crude Oil Supply ","(12)       SPR Stock Change","-324","0","-324","0","-324","-81","0","– –","-11","0","– –"
"Crude Oil Supply ","(13)   Adjustment","182","190","-8","-100","282","113","-16","– –","155","39","– –"
"Crude Oil Supply ","(14)   Crude Oil Input to Refineries","15,360","15,621","-261","15,462","-102","15,379","15,419","-0.3","14,504","14,603","-0.7"
"Other Supply ","(15)   Production","4,211","4,228","-18","3,924","286","4,218","3,937","7.1","4,054","–","–"
"Other Supply ","(16)      Natural Gas Plant Liquids","2,157","2,157","0","1,980","177","2,160","1,980","9.1","2,065","–","–"
"Other Supply ","(17)      Renewable Fuels/Oxygenate Plant","943","942","1","859","84","947","875","8.3","943","–","–"
"Other Supply ","(18)           Fuel Ethanol","874","873","0","816","58","881","832","5.9","893","–","–"
"Other Supply ","(19)          Other","69","69","0","43","26","67","43","54.7","50","–","–"
"Other Supply ","(20)      Refinery Processing Gain","1,111","1,129","-19","1,085","25","1,111","1,082","2.7","1,046","1,007","3.8"
"Other Supply ","(21)   Net Imports","-16","-97","81","348","-364","-106","521","-120.4","291","815","-64.3"
"Other Supply ","(22)      Imports","2,258","2,177","81","2,435","-177","2,240","2,561","-12.5","2,535","2,573","-1.4"
"Other Supply ","(23)      Exports","2,274","2,274","0","2,087","187","2,346","2,040","15.0","2,244","1,758","27.7"
"Other Supply ","(24)   Stock Change (+/build; -/draw)","1,305","1,075","230","241","1,064","910","715","– –","11","179","– –"
"Other Supply ","(25)   Adjustment","176","176","0","149","27","175","149","– –","179","–","– –"
"Products Supplied ","(26)   Total","18,426","18,853","-428","19,642","-1216","18,756","19,312","-2.9","19,017","19,180","-0.8"
"Products Supplied ","(27)     Finished Motor Gasoline","8,999","9,028","-29","9,632","-633","9,088","9,399","-3.3","9,012","9,078","-0.7"
"Products Supplied ","(28)     Kerosene-Type Jet Fuel","1,564","1,581","-17","1,513","51","1,522","1,516","0.3","1,421","1,391","2.1"
"Products Supplied ","(29)     Distillate Fuel Oil","3,458","3,402","57","3,599","-141","3,482","3,608","-3.5","3,727","3,737","-0.3"
"Products Supplied ","(30)     Residual Fuel Oil","389","410","-21","391","-1","463","497","-6.8","531","526","1.0"
"Products Supplied ","(31)     Propane/Propylene","769","727","42","940","-171","689","872","-21.0","1,056","1,112","-5.0"
"Products Supplied ","(32)     Other Oils","3,246","3,706","-460","3,567","-321","3,513","3,420","2.7","3,270","3,336","-2.0"
"Net Imports of Crude and Petroleum Products ","(33)   Total","9,789","9,211","578","11,468","-1,679","9,368","10,444","-10.3","9,153","10,077","-9.2"
