world,r,T,ll_m0,ll_m1,ll_m2,d10,d21,d20,g1,g2,label
A,0,1500,-409.981277394403,-298.3474436279103,-295.62162583666327,111.63383376649267,2.7258177912470387,114.35965155773971,True,False,M1_sufficient
A,1,1500,-413.7413287203318,-310.57368956168057,-315.41519173485574,103.16763915865124,-4.841502173175172,98.32613698547607,True,False,M1_sufficient
A,2,1500,-412.91542926159536,-293.34645710448433,-296.7711930194887,119.56897215711103,-3.424735915004362,116.14423624210667,True,False,M1_sufficient
A,3,1500,-410.2377787299073,-308.5805538588049,-306.87161148849725,101.65722487110241,1.708942370307625,103.36616724141004,True,False,M1_sufficient
A,4,1500,-411.5887633712077,-303.43669772639356,-305.5115748198166,108.15206564481412,-2.0748770934230265,106.07718855139109,True,False,M1_sufficient
A,5,1500,-416.45385390626984,-333.848347523812,-341.19384095097763,82.60550638245786,-7.34549342716565,75.26001295529221,True,False,M1_sufficient
A,6,1500,-426.3051102024675,-317.0799872682687,-324.04845659641535,109.2251229341988,-6.968469328146625,102.25665360605217,True,False,M1_sufficient
A,7,1500,-416.7159562984883,-301.9863451203689,-303.49537648571857,114.7296111781194,-1.5090313653496423,113.22057981276976,True,False,M1_sufficient
A,8,1500,-411.81309275991214,-300.8687546125552,-303.98294192203207,110.94433814735692,-3.114187309476847,107.83015083788007,True,False,M1_sufficient
A,9,1500,-413.89382959324047,-305.7387349542255,-313.6811405460998,108.15509463901498,-7.942405591874319,100.21268904714066,True,False,M1_sufficient
A,10,1500,-419.388076546916,-322.79146817661115,-324.5578568778679,96.59660837030486,-1.7663887012567443,94.83021966904812,True,False,M1_sufficient
A,11,1500,-412.1111200458145,-292.6102563891727,-295.4379258803997,119.5008636566418,-2.8276694912269704,116.67319416541483,True,False,M1_sufficient
A,12,1500,-414.6507856314346,-320.2098798081577,-325.8027658781893,94.44090582327686,-5.592886070031568,88.8480197532453,True,False,M1_sufficient
A,13,1500,-412.49417506915137,-315.79589028403774,-318.2231574837309,96.69828478511363,-2.4272671996931763,94.27101758542045,True,False,M1_sufficient
A,14,1500,-411.4383301473032,-302.4723964356584,-302.3144656632798,108.96593371164477,0.15793077237862008,109.12386448402339,True,False,M1_sufficient
A,15,1500,-412.2401633439168,-305.17008901652883,-307.58799226233805,107.07007432738794,-2.417903245809214,104.65217108157873,True,False,M1_sufficient
A,16,1500,-415.4142979928874,-309.08479106472834,-310.890805060904,106.32950692815905,-1.8060139961756363,104.52349293198341,True,False,M1_sufficient
A,17,1500,-413.28109176404,-287.3932968804899,-290.8652770708348,125.8877948835501,-3.4719801903448797,122.41581469320522,True,False,M1_sufficient
A,18,1500,-414.5670978146535,-315.01643861429216,-318.7579215602736,99.55065920036134,-3.7414829459814314,95.8091762543799,True,False,M1_sufficient
A,19,1500,-411.3266309911222,-303.36743705759585,-305.4925973283305,107.95919393352636,-2.125160270734625,105.83403366279174,True,False,M1_sufficient
A,20,1500,-412.6318600783229,-291.1297703803088,-290.0979611566334,121.50208969801412,1.0318092236753955,122.53389892168951,True,False,M1_sufficient
A,21,1500,-415.02926593082765,-303.5031740449862,-302.3457932276579,111.52609188584142,1.1573808173283169,112.68347270316974,True,False,M1_sufficient
A,22,1500,-413.6345364407859,-304.1241925176471,-304.1786805681975,109.5103439231388,-0.054488050550389744,109.45585587258842,True,False,M1_sufficient
A,23,1500,-408.06555660285545,-283.97725017253515,-290.7904056201465,124.0883064303203,-6.8131554476113365,117.27515098270896,True,False,M1_sufficient
A,24,1500,-410.02864540944495,-323.1211005532062,-326.0151433435423,86.90754485623876,-2.8940427903361297,84.01350206590263,True,False,M1_sufficient
A,25,1500,-413.84200094873205,-299.5487689542007,-301.3290193167304,114.29323199453137,-1.7802503625297277,112.51298163200164,True,False,M1_sufficient
A,26,1500,-419.19219201530706,-332.57343180516256,-337.23746455357383,86.6187602101445,-4.664032748411273,81.95472746173323,True,False,M1_sufficient
A,27,1500,-412.1132655721121,-325.1456135491499,-330.1835666931318,86.96765202296217,-5.037953143981895,81.92969887898028,True,False,M1_sufficient
A,28,1500,-411.47653730480135,-309.61699972569994,-314.206248509788,101.85953757910141,-4.589248784088056,97.27028879501336,True,False,M1_sufficient
A,29,1500,-409.6166989012676,-309.31118130695324,-311.69484285579284,100.30551759431438,-2.383661548839598,97.92185604547478,True,False,M1_sufficient
A,30,1500,-410.5386397688996,-290.99314315145494,-296.8610372624177,119.54549661744466,-5.867894110962766,113.67760250648189,True,False,M1_sufficient
A,31,1500,-407.8698840042553,-322.440378536477,-325.3059219422535,85.42950546777831,-2.8655434057765206,82.56396206200179,True,False,M1_sufficient
A,32,1500,-413.7351754900158,-307.64408280925625,-308.5801000862517,106.09109268075957,-0.9360172769954715,105.1550754037641,True,False,M1_sufficient
A,33,1500,-410.6749907284696,-321.3515357529356,-324.95576008428634,89.32345497553399,-3.6042243313507356,85.71923064418326,True,False,M1_sufficient
A,34,1500,-410.55606032955217,-322.2778156015258,-324.92157810998293,88.27824472802638,-2.6437625084571437,85.63448221956924,True,False,M1_sufficient
A,35,1500,-412.93319750304335,-327.22464430169066,-329.96277167646434,85.70855320135269,-2.7381273747736827,82.970425826579,True,False,M1_sufficient
A,36,1500,-414.8285369166306,-303.262111710315,-310.8638608107146,111.56642520631556,-7.601749100399559,103.964676105916,True,False,M1_sufficient
A,37,1500,-411.3693940682859,-336.6719240826658,-337.9142803072828,74.6974699856201,-1.2423562246170263,73.45511376100308,True,False,M1_sufficient
A,38,1500,-414.44045458191704,-293.09849615857,-295.6099988752465,121.34195842334702,-2.511502716676489,118.83045570667053,True,False,M1_sufficient
A,39,1500,-416.46811336782815,-295.4774562539397,-298.9116118654845,120.99065711388846,-3.4341556115447816,117.55650150234368,True,False,M1_sufficient
A,40,1500,-410.80343441367785,-317.5295192177004,-322.1576549176971,93.27391519597745,-4.628135699996676,88.64577949598078,True,False,M1_sufficient
A,41,1500,-411.20731185890713,-305.4166159423718,-307.07901576626097,105.79069591653536,-1.6623998238891886,104.12829609264617,True,False,M1_sufficient
A,42,1500,-409.3345997313616,-293.1112646451952,-294.60269816587896,116.2233350861664,-1.4914335206837563,114.73190156548264,True,False,M1_sufficient
A,43,1500,-414.48181105127867,-308.5426430071817,-312.2663085202269,105.93916804409696,-3.723665513045205,102.21550253105175,True,False,M1_sufficient
A,44,1500,-414.94129561842476,-307.8841860994176,-315.8642317310888,107.05710951900716,-7.980045631671203,99.07706388733595,True,False,M1_sufficient
A,45,1500,-411.56091154021226,-318.9723216339649,-327.16975216970104,92.58858990624736,-8.197430535736146,84.39115937051122,True,False,M1_sufficient
A,46,1500,-409.4761839277383,-305.30165571480444,-304.2279734193894,104.17452821293386,1.0736822954150398,105.2482105083489,True,False,M1_sufficient
A,47,1500,-410.2291430589273,-328.59631585704005,-332.5937719542725,81.63282720188727,-3.99745609723243,77.63537110465484,True,False,M1_sufficient
A,48,1500,-412.332858002898,-302.8011636312569,-305.65190439375516,109.5316943716411,-2.850740762498276,106.68095360914282,True,False,M1_sufficient
A,49,1500,-415.1188966725358,-301.8932591505826,-305.3506086159086,113.22563752195322,-3.45734946532599,109.76828805662723,True,False,M1_sufficient
A,50,1500,-413.18402727400303,-299.93810466416846,-306.97960274946723,113.24592260983457,-7.04149808529877,106.2044245245358,True,False,M1_sufficient
A,51,1500,-421.70069970202695,-302.9582851257773,-302.65312701527307,118.74241457624964,0.30515811050423736,119.04757268675388,True,False,M1_sufficient
A,52,1500,-412.5819182839871,-325.7402715551505,-329.787715681989,86.84164672883657,-4.0474441268385135,82.79420260199805,True,False,M1_sufficient
A,53,1500,-415.4019939141892,-296.8705380044418,-298.33743442903483,118.53145590974736,-1.466896424593017,117.06455948515435,True,False,M1_sufficient
A,54,1500,-410.46079849315925,-310.86857896655675,-315.13455656665406,99.59221952660249,-4.265977600097301,95.32624192650519,True,False,M1_sufficient
A,55,1500,-414.44997156212713,-293.2526363907153,-292.2156773281648,121.19733517141185,1.0369590625504657,122.23429423396232,True,False,M1_sufficient
A,56,1500,-416.94661788524365,-297.01092217787607,-299.66779429162955,119.93569570736759,-2.6568721137534794,117.2788235936141,True,False,M1_sufficient
A,57,1500,-415.6064805300955,-325.2746515659177,-325.97511170593066,90.33182896417782,-0.7004601400129786,89.63136882416484,True,False,M1_sufficient
A,58,1500,-410.5496909490655,-301.67214091966093,-300.76225941804574,108.87755002940457,0.9098815016151889,109.78743153101976,True,False,M1_sufficient
A,59,1500,-407.51334600224743,-322.1911918419898,-324.92529544818854,85.32215416025764,-2.734103606198744,82.5880505540589,True,False,M1_sufficient
A,60,1500,-414.9234842845408,-333.9346667763609,-335.1716211861085,80.98881750817986,-1.2369544097475682,79.7518630984323,True,False,M1_sufficient
A,61,1500,-408.920123940254,-301.72601227734776,-300.0076120661205,107.19411166290621,1.7184002112272765,108.91251187413349,True,False,M1_sufficient
A,62,1500,-411.80763280791973,-297.7008695805616,-299.62139350151836,114.10676322735816,-1.9205239209567821,112.18623930640138,True,False,M1_sufficient
A,63,1500,-413.6085701992205,-315.17034921042745,-315.29847422685026,98.43822098879303,-0.12812501642281404,98.31009597237022,True,False,M1_sufficient
A,64,1500,-409.2387683430756,-308.7538688749427,-309.1043514937197,100.48489946813288,-0.3504826187769936,100.13441684935589,True,False,M1_sufficient
A,65,1500,-412.3450487466335,-309.352218258988,-310.3144105785518,102.9928304876455,-0.962192319563826,102.03063816808168,True,False,M1_sufficient
A,66,1500,-414.7442549027754,-335.78354566928306,-341.9302020427274,78.96070923349237,-6.14665637344433,72.81405286004804,True,False,M1_sufficient
A,67,1500,-409.423291790681,-309.03111558720065,-312.4524597381927,100.39217620348035,-3.42134415099207,96.97083205248828,True,False,M1_sufficient
A,68,1500,-413.5713904278895,-297.517889360962,-299.9005092248366,116.05350106692754,-2.382619863874595,113.67088120305294,True,False,M1_sufficient
A,69,1500,-415.5472569456922,-336.33995039733253,-339.3136429401488,79.20730654835967,-2.973692542816252,76.23361400554342,True,False,M1_sufficient
A,70,1500,-411.3688270292922,-292.87985455521493,-293.80700600525284,118.48897247407729,-0.9271514500379112,117.56182102403938,True,False,M1_sufficient
A,71,1500,-411.8794463208359,-306.941940434505,-308.93610511869014,104.93750588633088,-1.9941646841851366,102.94334120214575,True,False,M1_sufficient
A,72,1500,-408.89906028872446,-332.71995197509057,-334.8339485901306,76.17910831363389,-2.113996615040037,74.06511169859385,True,False,M1_sufficient
A,73,1500,-415.76379195754305,-315.0386743292438,-321.0910298882989,100.72511762829924,-6.0523555590551155,94.67276206924413,True,False,M1_sufficient
A,74,1500,-411.6281002837786,-326.3287021769475,-332.4966229765464,85.29939810683112,-6.167920799598903,79.13147730723222,True,False,M1_sufficient
A,75,1500,-408.9333733638291,-304.6364023084751,-307.3519609813881,104.29697105535399,-2.715558672913005,101.58141238244099,True,False,M1_sufficient
A,76,1500,-412.2047697070458,-301.8587643107212,-305.0331616050949,110.34600539632459,-3.174397294373705,107.17160810195088,True,False,M1_sufficient
A,77,1500,-410.1924675246832,-312.9341609581428,-313.26574985201927,97.2583065665404,-0.3315888938764715,96.92671767266393,True,False,M1_sufficient
A,78,1500,-413.80542028788824,-312.4229693051892,-316.95886807642484,101.38245098269903,-4.5358987712356225,96.8465522114634,True,False,M1_sufficient
A,79,1500,-409.6134985877266,-297.8813620066989,-298.6811316771563,111.7321365810277,-0.7997696704574082,110.9323669105703,True,False,M1_sufficient
B,0,1500,-412.3180520018928,-412.84872392548493,-249.11166797265395,-0.5306719235921378,163.73705595283099,163.20638402923885,False,True,M2_claimed
B,1,1500,-413.9077293879366,-413.03749109482123,-233.0777645065881,0.870238293115392,179.95972658823314,180.82996488134853,False,True,M2_claimed
B,2,1500,-411.5610990112533,-408.77848447367603,-266.42019208584026,2.782614537577274,142.35829238783577,145.14090692541305,False,True,M2_claimed
B,3,1500,-411.78021572564893,-409.26056603614876,-223.68366878303797,2.51964968950017,185.5768972531108,188.09654694261096,False,True,M2_claimed
B,4,1500,-412.4689615651797,-413.9750912535797,-241.3034636091659,-1.5061296883999944,172.6716276444138,171.1654979560138,False,True,M2_claimed
B,5,1500,-412.4728835746764,-414.88925137550063,-225.06091261357437,-2.4163678008242186,189.82833876192626,187.41197096110204,False,True,M2_claimed
B,6,1500,-412.7059097361495,-412.94136290350275,-245.40572204707317,-0.23545316735322785,167.53564085642958,167.30018768907635,False,True,M2_claimed
B,7,1500,-411.9616005096496,-412.67362249175073,-253.81791068057635,-0.7120219821011347,158.8557118111744,158.14368982907325,False,True,M2_claimed
B,8,1500,-415.39900056693364,-423.47989710458774,-243.8862839615863,-8.080896537654098,179.59361314300145,171.51271660534735,False,True,M2_claimed
B,9,1500,-411.9152319420801,-412.29903315883433,-267.7597775629615,-0.38380121675425016,144.53925559587282,144.15545437911857,False,True,M2_claimed
B,10,1500,-414.53617264250636,-423.06261548182727,-261.6043762097293,-8.526442839320907,161.45823927209796,152.93179643277705,False,True,M2_claimed
B,11,1500,-412.28673160887035,-414.1466334184554,-224.15516145203256,-1.8599018095850397,189.99147196642284,188.1315701568378,False,True,M2_claimed
B,12,1500,-411.8183590810215,-411.4121115373784,-267.3769557930635,0.40624754364313276,144.03515574431492,144.44140328795805,False,True,M2_claimed
B,13,1500,-412.2321317640377,-412.98970111749827,-234.11906405134346,-0.7575693534605534,178.8706370661548,178.11306771269426,False,True,M2_claimed
B,14,1500,-411.56694982578983,-411.04822925871133,-225.46171562152082,0.5187205670785033,185.5865136371905,186.105234204269,False,True,M2_claimed
B,15,1500,-411.71347306892187,-411.559514759189,-236.8045734424717,0.1539583097328432,174.75494131671732,174.90889962645016,False,True,M2_claimed
B,16,1500,-410.8002168412067,-408.85679090156464,-261.16293629526274,1.9434259396420543,147.6938546063019,149.63728054594395,False,True,M2_claimed
B,17,1500,-411.90499528430263,-410.7012943143349,-222.70084813719293,1.2037009699677128,188.00044617714198,189.2041471471097,False,True,M2_claimed
B,18,1500,-412.3130412677065,-413.22724434139235,-250.25458214957087,-0.914203073685826,162.97266219182148,162.05845911813566,False,True,M2_claimed
B,19,1500,-413.2172057108761,-413.48837461793073,-258.4487378647093,-0.2711689070546299,155.03963675322143,154.7684678461668,False,True,M2_claimed
B,20,1500,-411.71553233938795,-412.01966624782585,-242.6637009338179,-0.30413390843790467,169.35596531400796,169.05183140557006,False,True,M2_claimed
B,21,1500,-414.7823304862378,-425.2557664054175,-247.38853636150947,-10.473435919179678,177.86723004390802,167.39379412472834,False,True,M2_claimed
B,22,1500,-412.25327015350126,-412.5422760970989,-256.7095715750121,-0.2890059435976582,155.83270452208683,155.54369857848917,False,True,M2_claimed
B,23,1500,-412.92853878887996,-415.69354873600815,-229.19384484437228,-2.765009947128192,186.49970389163587,183.73469394450768,False,True,M2_claimed
B,24,1500,-412.77680552298955,-416.55557097814966,-227.76221339327864,-3.778765455160112,188.79335758487102,185.0145921297109,False,True,M2_claimed
B,25,1500,-412.10405794927226,-412.78777031670205,-244.33894964007624,-0.6837123674297914,168.44882067662581,167.76510830919602,False,True,M2_claimed
B,26,1500,-409.8605861377143,-407.9340115078452,-244.03012949201823,1.9265746298690942,163.90388201582695,165.83045664569605,False,True,M2_claimed
B,27,1500,-415.0791676077693,-414.8292002296744,-219.28001480316698,0.24996737809487968,195.54918542650745,195.79915280460233,False,True,M2_claimed
B,28,1500,-412.8320121159284,-413.2320291828342,-226.89614065627734,-0.4000170669057752,186.33588852655686,185.93587145965108,False,True,M2_claimed
B,29,1500,-412.1716586268131,-412.09779594935577,-253.07386700559775,0.07386267745732766,159.02392894375802,159.09779162121535,False,True,M2_claimed
B,30,1500,-412.4468353268105,-412.627463033007,-236.1062660434418,-0.18062770619650337,176.52119698956523,176.34056928336872,False,True,M2_claimed
B,31,1500,-412.21961407311596,-414.91815937596425,-222.28933536084003,-2.698545302848288,192.62882401512422,189.93027871227594,False,True,M2_claimed
B,32,1500,-412.01761579054227,-411.9611736585318,-234.2575006457391,0.05644213201048842,177.70367301279268,177.76011514480317,False,True,M2_claimed
B,33,1500,-412.0786117619969,-412.70631522561666,-236.77652143855389,-0.6277034636197527,175.92979378706278,175.30209032344302,False,True,M2_claimed
B,34,1500,-412.1690121098462,-410.6206340442241,-225.99363984584792,1.548378065622103,184.6269941983762,186.1753722639983,False,True,M2_claimed
B,35,1500,-414.2120807618198,-424.2447253424331,-260.2017373153653,-10.03264458061335,164.04298802706785,154.0103434464545,False,True,M2_claimed
B,36,1500,-412.33253010833994,-407.35424455074605,-249.3858333035138,4.9782855575938925,157.96841124723224,162.94669680482613,False,True,M2_claimed
B,37,1500,-411.89954441512094,-412.2078050397805,-246.140270882822,-0.3082606246595674,166.06753415695852,165.75927353229895,False,True,M2_claimed
B,38,1500,-414.39025403664726,-417.1115874426165,-227.3830483698043,-2.721333405969233,189.7285390728122,187.00720566684296,False,True,M2_claimed
B,39,1500,-410.5339219547487,-407.139942814699,-275.97937769480393,3.39397914004968,131.16056511989507,134.55454425994475,False,True,M2_claimed
B,40,1500,-413.6707391003291,-419.58721209513146,-259.049304824364,-5.916472994802348,160.53790727076745,154.6214342759651,False,True,M2_claimed
B,41,1500,-412.8095880631837,-414.72467985636257,-258.20845148606776,-1.915091793178874,156.5162283702948,154.60113657711594,False,True,M2_claimed
B,42,1500,-411.87822451144035,-411.8192390327858,-230.79351510224316,0.05898547865456294,181.02572393054263,181.0847094091972,False,True,M2_claimed
B,43,1500,-412.8955644231091,-414.96865640294607,-230.87795852401862,-2.0730919798369882,184.09069787892744,182.01760589909046,False,True,M2_claimed
B,44,1500,-414.2014756111182,-417.3093004337896,-274.3769442177019,-3.1078248226713754,142.93235621608767,139.8245313934163,False,True,M2_claimed
B,45,1500,-413.69281244127154,-416.15497332567907,-249.84622185404714,-2.462160884407524,166.30875147163192,163.8465905872244,False,True,M2_claimed
B,46,1500,-411.82238551540325,-410.0039199953493,-258.20973698229676,1.8184655200539623,151.79418301305253,153.6126485331065,False,True,M2_claimed
B,47,1500,-415.1716564349306,-419.22920766018177,-235.80193316065214,-4.0575512252511885,183.42727449952963,179.36972327427844,False,True,M2_claimed
B,48,1500,-412.12705581555025,-413.0872684207719,-239.71064335018394,-0.9602126052216704,173.37662507058798,172.4164124653663,False,True,M2_claimed
B,49,1500,-412.1950187271579,-413.893968052913,-254.13691770544972,-1.698949325755109,159.7570503474633,158.05810102170818,False,True,M2_claimed
B,50,1500,-411.9199702196684,-412.27797484578156,-249.83026507167753,-0.3580046261131429,162.44770977410403,162.08970514799088,False,True,M2_claimed
B,51,1500,-412.255785705129,-412.5266756259785,-230.88369645797312,-0.2708899208495268,181.64297916800538,181.37208924715586,False,True,M2_claimed
B,52,1500,-412.96714089390423,-413.01784606063813,-259.6764144083334,-0.05070516673390557,153.34143165230472,153.29072648557081,False,True,M2_claimed
B,53,1500,-409.22827647597677,-405.1584840218756,-220.78586447593437,4.069792454101162,184.37261954594123,188.4424120000424,False,True,M2_claimed
B,54,1500,-412.58408485850623,-413.11891760523804,-246.30080270749306,-0.5348327467318086,166.81811489774498,166.28328215101317,False,True,M2_claimed
B,55,1500,-413.5248228986039,-424.39620176820824,-246.85362069167724,-10.87137886960437,177.542581076531,166.67120220692664,False,True,M2_claimed
B,56,1500,-411.7218523448734,-409.04141860535657,-240.46672685213676,2.680433739516843,168.5746917532198,171.25512549273665,False,True,M2_claimed
B,57,1500,-412.18011513578773,-414.9987208135657,-260.5535310120744,-2.8186056777779527,154.44518980149127,151.62658412371331,False,True,M2_claimed
B,58,1500,-414.7440259012578,-416.75630582686284,-261.6214020657892,-2.0122799256050143,155.13490376107364,153.12262383546863,False,True,M2_claimed
B,59,1500,-412.4126745972811,-412.40550057239744,-213.45993859712067,0.0071740248836817955,198.94556197527677,198.95273600016046,False,True,M2_claimed
B,60,1500,-412.6496653896403,-414.91658232979364,-255.99909138926688,-2.266916940153351,158.91749094052676,156.6505740003734,False,True,M2_claimed
B,61,1500,-412.2681016509209,-412.0277006139835,-230.75837662707315,0.24040103693744186,181.26932398691034,181.50972502384778,False,True,M2_claimed
B,62,1500,-414.9966342649946,-417.5905368112543,-246.29424080284684,-2.5939025462596987,171.29629600840747,168.70239346214777,False,True,M2_claimed
B,63,1500,-411.2312751554191,-409.41580183823237,-237.59674604753405,1.8154733171867292,171.81905579069831,173.63452910788504,False,True,M2_claimed
B,64,1500,-412.27549467265237,-411.9926665480061,-246.58525644265464,0.28282812464624385,165.4074101053515,165.69023822999773,False,True,M2_claimed
B,65,1500,-411.88410965524,-411.1687149760744,-248.12141816746143,0.7153946791656267,163.04729680861297,163.7626914877786,False,True,M2_claimed
B,66,1500,-412.163761914447,-412.81833392944196,-249.6924984159546,-0.654572014994983,163.12583551348737,162.4712634984924,False,True,M2_claimed
B,67,1500,-412.02978629463536,-413.1878997466735,-251.23735105732737,-1.158113452038151,161.95054868934614,160.79243523730798,False,True,M2_claimed
B,68,1500,-409.776134379393,-405.47624717433206,-228.79069759049455,4.299887205060941,176.6855495838375,180.98543678889845,False,True,M2_claimed
B,69,1500,-411.5854568877674,-413.02961643976687,-251.7697611095863,-1.444159551999462,161.25985533018056,159.8156957781811,False,True,M2_claimed
B,70,1500,-412.95516972599785,-416.28557757899273,-207.94091467597013,-3.330407852994881,208.3446629030226,205.0142550500277,False,True,M2_claimed
B,71,1500,-411.6790091807398,-411.8251651642123,-236.4246195257099,-0.1461559834725108,175.40054563850242,175.2543896550299,False,True,M2_claimed
B,72,1500,-412.5553167044007,-414.0365012932558,-257.6031139074115,-1.4811845888551147,156.4333873858443,154.95220279698918,False,True,M2_claimed
B,73,1500,-412.2450387597497,-413.5163132569665,-257.2186035573984,-1.2712744972167798,156.2977096995681,155.0264352023513,False,True,M2_claimed
B,74,1500,-412.8519555937933,-414.86333018532997,-211.42495847444778,-2.0113745915366508,203.4383717108822,201.42699711934554,False,True,M2_claimed
B,75,1500,-411.8844021874784,-410.2719714214677,-236.0980290032171,1.6124307660106751,174.1739424182506,175.78637318426127,False,True,M2_claimed
B,76,1500,-411.6614089950137,-411.5032264565244,-256.59221475905775,0.15818253848931363,154.91101169746662,155.06919423595593,False,True,M2_claimed
B,77,1500,-411.0330824809829,-409.93909893221695,-242.3540123226233,1.093983548765948,167.58508660959365,168.6790701583596,False,True,M2_claimed
B,78,1500,-412.0054990302186,-415.5909164179206,-219.82770675623445,-3.585417387702023,195.76320966168615,192.17779227398412,False,True,M2_claimed
B,79,1500,-411.9022181832358,-411.2752658486084,-253.2200852501961,0.62695233462739,158.0551805984123,158.6821329330397,False,True,M2_claimed
C,0,400,-110.4904619252808,-107.01109436179823,-109.55925625581685,3.479367563482569,-2.5481618940186195,0.9312056694639494,False,False,no_dependence
C,1,400,-110.51915812591493,-103.49430001193647,-106.27780412096769,7.024858113978453,-2.783504109031213,4.24135400494724,True,False,M1_sufficient
C,2,400,-116.23832716252458,-107.17131664796223,-106.01047859935659,9.067010514562355,1.1608380486056404,10.227848563167996,True,False,M1_sufficient
C,3,400,-110.26405226292462,-102.9119815298834,-112.92978396560613,7.3520707330412165,-10.017802435722729,-2.665731702681512,True,False,M1_sufficient
C,4,400,-109.82697493099354,-104.52247967078942,-103.20602411058744,5.304495260204121,1.3164555602019874,6.620950820406108,False,False,no_dependence
C,5,400,-111.92610165956982,-102.21176598333801,-103.97468438742771,9.714335676231812,-1.762918404089703,7.951417272142109,True,False,M1_sufficient
C,6,400,-114.59234796919978,-104.64061915487305,-106.54634444323682,9.951728814326728,-1.9057252883637688,8.04600352596296,True,False,M1_sufficient
C,7,400,-113.7322095285666,-104.67767883226934,-108.93437732545412,9.054530696297263,-4.2566984931847855,4.797832203112478,True,False,M1_sufficient
C,8,400,-111.27858200889443,-108.13543545780927,-112.9167832992656,3.1431465510851666,-4.781347841456338,-1.6382012903711711,False,False,no_dependence
C,9,400,-109.53285485277151,-108.49891954445071,-110.26815254305744,1.0339353083207925,-1.769232998606725,-0.7352976902859325,False,False,no_dependence
C,10,400,-111.02645232149031,-107.74165813684083,-110.11991166320192,3.284794184649485,-2.3782535263610924,0.9065406582883924,False,False,no_dependence
C,11,400,-109.10856836331106,-108.21098004497567,-108.77766219001913,0.8975883183353943,-0.5666821450434583,0.33090617329193606,False,False,no_dependence
C,12,400,-110.70336916827439,-103.80893027737584,-106.49609812402888,6.894438890898556,-2.6871678466530398,4.207271044245516,True,False,M1_sufficient
C,13,400,-109.9479707159511,-105.23709192703474,-110.1215371969563,4.710878788916361,-4.884445269921557,-0.17356648100519578,False,False,no_dependence
C,14,400,-113.37454119280054,-107.6883648959162,-112.06836102020702,5.686176296884341,-4.379996124290827,1.306180172593514,False,False,no_dependence
C,15,400,-109.39924763763632,-107.87654726435898,-110.28285726894796,1.5227003732773454,-2.4063100045889882,-0.8836096313116428,False,False,no_dependence
C,16,400,-108.7782737825466,-106.05612953459911,-106.03816440820287,2.7221442479474973,0.017965126396234155,2.7401093743437315,False,False,no_dependence
C,17,400,-110.52149311477365,-110.40415928071005,-118.30965172976184,0.11733383406360076,-7.905492449051792,-7.788158614988191,False,False,no_dependence
C,18,400,-110.02487328985445,-109.69535994175945,-115.88981991869899,0.32951334809500565,-6.194459976939541,-5.864946628844535,False,False,no_dependence
C,19,400,-109.78761059874864,-110.99347540160866,-114.38121297349639,-1.2058648028600203,-3.387737571887726,-4.593602374747746,False,False,no_dependence
C,20,400,-112.53544151609083,-107.12366618912314,-109.75009945505745,5.411775326967685,-2.6264332659343097,2.7853420610333757,False,False,no_dependence
C,21,400,-111.0455064784958,-107.62318733319884,-114.38807931013612,3.422319145296953,-6.764891976937278,-3.342572831640325,False,False,no_dependence
C,22,400,-107.5278035186297,-106.21494941135819,-105.23883420336179,1.3128541072715052,0.9761152079964006,2.288969315267906,False,False,no_dependence
C,23,400,-110.53501595539446,-105.27070404708766,-112.67560306287422,5.264311908306794,-7.404899015786555,-2.14058710747976,False,False,no_dependence
C,24,400,-109.6251767648861,-112.20094959435671,-114.47180075911264,-2.5757728294706084,-2.270851164755925,-4.846623994226533,False,False,no_dependence
C,25,400,-110.03089402997315,-104.53145283682241,-110.85326009961243,5.499441193150744,-6.321807262790017,-0.8223660696392727,False,False,no_dependence
C,26,400,-106.99346021090071,-104.52417081814862,-106.24812506705632,2.4692893927520885,-1.7239542489077024,0.745335143844386,False,False,no_dependence
C,27,400,-109.672950540566,-112.78477974731732,-115.65525529020225,-3.1118292067513096,-2.8704755428849325,-5.982304749636242,False,False,no_dependence
C,28,400,-110.74792229079068,-104.34877434644154,-108.11668911815379,6.399147944349139,-3.767914771712242,2.6312331726368967,True,False,M1_sufficient
C,29,400,-109.91277452915173,-106.90137067953248,-111.03063320981614,3.0114038496192563,-4.129262530283668,-1.117858680664412,False,False,no_dependence
C,30,400,-109.2164847049933,-108.67436439960366,-112.80233920673822,0.5421203053896448,-4.127974807134564,-3.585854501744919,False,False,no_dependence
C,31,400,-110.24021031267982,-109.72909559152352,-114.24387108840504,0.5111147211563036,-4.514775496881526,-4.003660775725223,False,False,no_dependence
C,32,400,-108.82741956931076,-107.61648897738245,-112.21751245830811,1.2109305919283173,-4.601023480925662,-3.3900928889973443,False,False,no_dependence
C,33,400,-110.37757452220818,-104.5536555550528,-104.79271303045815,5.823918967155379,-0.23905747540534605,5.584861491750033,False,False,no_dependence
C,34,400,-108.99355305095148,-99.79245710459135,-100.56616555325698,9.201095946360127,-0.77370844866563,8.427387497694497,True,False,M1_sufficient
C,35,400,-111.5698985228065,-107.29626561170845,-112.64798215017399,4.273632911098048,-5.3517165384655385,-1.0780836273674907,False,False,no_dependence
C,36,400,-109.05884113779625,-105.78390774630485,-107.89676658657206,3.274933391491402,-2.112858840267208,1.162074551224194,False,False,no_dependence
C,37,400,-108.01255575990957,-114.49813155473949,-115.07041848990656,-6.485575794829913,-0.572286935167071,-7.057862729996984,False,False,no_dependence
C,38,400,-110.41523304233952,-98.07305159805813,-101.08215723224072,12.342181444281394,-3.009105634182589,9.333075810098805,True,False,M1_sufficient
C,39,400,-107.87499533552688,-99.07604557465805,-101.17274382838025,8.798949760868823,-2.096698253722195,6.702251507146627,True,False,M1_sufficient
C,40,400,-110.00012065900968,-109.14507540663033,-112.1872691560188,0.8550452523793552,-3.042193749388474,-2.187148497009119,False,False,no_dependence
C,41,400,-109.79448276135702,-111.0594435700523,-115.26757222581213,-1.2649608086952782,-4.208128655759836,-5.473089464455114,False,False,no_dependence
C,42,400,-110.37827245458529,-106.15034124892335,-112.40988822500057,4.227931205661932,-6.2595469760772176,-2.0316157704152857,False,False,no_dependence
C,43,400,-108.80098281295751,-104.10477566000098,-107.27050107021152,4.696207152956532,-3.165725410210541,1.530481742745991,False,False,no_dependence
C,44,400,-109.59916493353307,-108.60785026930041,-114.32063726255343,0.9913146642326609,-5.712786993253019,-4.721472329020358,False,False,no_dependence
C,45,400,-113.58409636694034,-104.83290067941769,-105.78701204221575,8.751195687522653,-0.9541113627980593,7.797084324724594,True,False,M1_sufficient
C,46,400,-110.12344312735578,-101.68063824760465,-103.94526528729632,8.442804879751137,-2.264627039691675,6.178177840059462,True,False,M1_sufficient
C,47,400,-109.88228434423971,-108.13252919874816,-112.3348504627765,1.749755145491548,-4.202321264028342,-2.4525661185367937,False,False,no_dependence
C,48,400,-111.4211582777122,-113.7892926521908,-113.5462010894874,-2.3681343744786005,0.24309156270339827,-2.1250428117752023,False,False,no_dependence
C,49,400,-109.82243793324017,-101.16740750643051,-100.19152098281845,8.65503042680966,0.9758865236120613,9.630916950421721,True,False,M1_sufficient
C,50,400,-110.92720250378864,-101.76831503897355,-103.32741726329905,9.15888746481508,-1.5591022243254997,7.599785240489581,True,False,M1_sufficient
C,51,400,-112.4959178443975,-104.92751539888609,-108.9079951885518,7.56840244551141,-3.980479789665708,3.587922655845702,True,False,M1_sufficient
C,52,400,-110.27298417573726,-109.38696220224297,-113.46787153801289,0.8860219734942945,-4.080909335769917,-3.1948873622756224,False,False,no_dependence
C,53,400,-110.99582385440162,-109.97568902931789,-113.13170943581255,1.0201348250837299,-3.1560204064946618,-2.135885581410932,False,False,no_dependence
C,54,400,-110.99559331951626,-102.2739681781492,-102.8881920016297,8.721625141367056,-0.6142238234805006,8.107401317886556,True,False,M1_sufficient
C,55,400,-115.53660241403884,-106.66846659842888,-111.97299941383923,8.86813581560996,-5.304532815410354,3.563603000199606,True,False,M1_sufficient
C,56,400,-116.37850503649288,-109.57109419410149,-112.1005913535875,6.807410842391391,-2.529497159486013,4.277913682905378,True,False,M1_sufficient
C,57,400,-108.17773774252043,-103.06856207839529,-105.00600736515969,5.1091756641251465,-1.937445286764401,3.1717303773607455,False,False,no_dependence
C,58,400,-109.28603877785525,-104.30968766199635,-104.37250673916012,4.976351115858904,-0.06281907716376622,4.913532038695138,False,False,no_dependence
C,59,400,-110.81674374896578,-108.44217986873929,-109.0825539316104,2.3745638802264892,-0.6403740628711176,1.7341898173553716,False,False,no_dependence
C,60,400,-111.71607578834892,-99.87686652992352,-99.87235818629689,11.839209258425399,0.004508343626625333,11.843717602052024,True,False,M1_sufficient
C,61,400,-110.70104126023013,-99.72725509387988,-102.68021476192146,10.973786166350251,-2.9529596680415864,8.020826498308665,True,False,M1_sufficient
C,62,400,-111.31166876959577,-99.99391571008171,-102.10180091912535,11.317753059514061,-2.107885209043644,9.209867850470417,True,False,M1_sufficient
C,63,400,-110.8190743358202,-91.1076801043242,-94.16600119541098,19.711394231496,-3.058321091086782,16.65307314040922,True,False,M1_sufficient
C,64,400,-107.99606663748781,-102.27972943326309,-105.29978814300812,5.716337204224729,-3.0200587097450295,2.6962784944796994,False,False,no_dependence
C,65,400,-110.68158659811243,-103.63143083571005,-108.81712478124564,7.050155762402383,-5.18569394553559,1.8644618168667932,True,False,M1_sufficient
C,66,400,-111.03595909177467,-104.9018000702823,-106.46242337289083,6.134159021492366,-1.5606233026085192,4.573535718883846,True,False,M1_sufficient
C,67,400,-109.97304274621885,-105.67306909656129,-105.75970080108003,4.299973649657559,-0.08663170451873725,4.213341945138822,False,False,no_dependence
C,68,400,-108.80577134268424,-117.5024108109879,-122.3104778146713,-8.696639468303658,-4.808067003683405,-13.504706471987063,False,False,no_dependence
C,69,400,-110.78472266898649,-102.89584898950673,-110.26643257812191,7.888873679479758,-7.370583588615176,0.518290090864582,True,False,M1_sufficient
C,70,400,-111.14669475678426,-102.69868527119903,-107.99633790297783,8.448009485585231,-5.297652631778803,3.1503568538064286,True,False,M1_sufficient
C,71,400,-109.87354030326287,-106.14711908489112,-106.32373497095901,3.7264212183717547,-0.1766158860678928,3.549805332303862,False,False,no_dependence
C,72,400,-112.23395299228945,-108.28737090883523,-110.55247985447829,3.946582083454217,-2.265108945643064,1.6814731378111532,False,False,no_dependence
C,73,400,-109.81934492076866,-105.53100409774781,-111.50309526766966,4.288340823020846,-5.972091169921853,-1.6837503469010073,False,False,no_dependence
C,74,400,-111.14034066016173,-101.27805376989765,-107.29380980059236,9.862286890264073,-6.015756030694703,3.84653085956937,True,False,M1_sufficient
C,75,400,-111.45118019871032,-110.82974461534809,-111.92628904040852,0.6214355833622278,-1.0965444250604293,-0.47510884169820145,False,False,no_dependence
C,76,400,-109.42191865633993,-103.80714594824329,-103.48764365115572,5.614772708096638,0.31950229708756694,5.934275005184205,False,False,no_dependence
C,77,400,-113.07197011025481,-107.16987428968282,-107.62456149501344,5.9020958205719865,-0.4546872053306146,5.447408615241372,False,False,no_dependence
C,78,400,-112.98487485758193,-103.72690346925673,-103.2815933071381,9.257971388325203,0.4453101621186306,9.703281550443833,True,False,M1_sufficient
C,79,400,-117.98088799083267,-112.24398548917651,-110.26661796044803,5.736902501656161,1.9773675287284789,7.71427003038464,False,False,no_dependence
C,80,400,-108.30942470979907,-97.54447579215201,-98.41527491974242,10.764948917647061,-0.8707991275904021,9.894149790056659,True,False,M1_sufficient
C,81,400,-110.83606378242223,-104.12300230909254,-105.48970542858169,6.713061473329688,-1.366703119489145,5.346358353840543,True,False,M1_sufficient
C,82,400,-113.21722139005786,-105.7123092316704,-106.2411052555036,7.504912158387455,-0.5287960238331948,6.97611613455426,True,False,M1_sufficient
C,83,400,-117.2311851670665,-112.40610899958476,-124.9362621525325,4.82507616748174,-12.530153152947747,-7.7050769854660075,False,False,no_dependence
C,84,400,-108.81229003069765,-103.12951861544103,-108.00456846643355,5.682771415256624,-4.875049850992525,0.8077215642640994,False,False,no_dependence
C,85,400,-110.55597335333836,-106.96475379802233,-113.4243547246676,3.59121955531603,-6.459600926645265,-2.868381371329235,False,False,no_dependence
C,86,400,-107.7719600770973,-97.44996186842684,-97.70554868631316,10.321998208670465,-0.255586817886325,10.06641139078414,True,False,M1_sufficient
C,87,400,-109.15693417021437,-106.51046238047034,-106.20743801914375,2.6464717897440266,0.3030243613265924,2.949496151070619,False,False,no_dependence
C,88,400,-107.83729834396365,-107.49732149324342,-110.58928982473284,0.33997685072023387,-3.0919683314894257,-2.751991480769192,False,False,no_dependence
C,89,400,-108.49850755253607,-102.69470371581704,-106.86293498383998,5.803803836719027,-4.168231268022936,1.635572568696091,False,False,no_dependence
C,90,400,-109.81934492076866,-104.76026760423986,-105.36286327545027,5.0590773165288,-0.602595671210409,4.456481645318391,False,False,no_dependence
C,91,400,-110.46763348591291,-104.32692428318809,-109.12147040877345,6.140709202724821,-4.794546125585356,1.3461630771394653,True,False,M1_sufficient
C,92,400,-112.1492203537867,-108.30156730882754,-110.68346313493197,3.8476530449591593,-2.381895826104426,1.4657572188547334,False,False,no_dependence
C,93,400,-110.16553129113115,-107.46018248643404,-111.66729664971547,2.7053488046971097,-4.207114163281432,-1.501765358584322,False,False,no_dependence
C,94,400,-109.62784625588321,-107.05980428838629,-111.66546155667935,2.5680419674969244,-4.605657268293058,-2.0376153007961335,False,False,no_dependence
C,95,400,-111.78960896674747,-101.5745700660305,-102.05069524944717,10.215038900716962,-0.47612518341667,9.738913717300292,True,False,M1_sufficient
C,96,400,-110.72957813906211,-107.20065625043677,-109.19448027329095,3.528921888625348,-1.9938240228541844,1.5350978657711636,False,False,no_dependence
C,97,400,-114.46259586912953,-116.50447406342363,-117.44662019851138,-2.0418781942940996,-0.9421461350877536,-2.984024329381853,False,False,no_dependence
C,98,400,-110.06631530205924,-106.79727306904066,-107.56731062381655,3.269042233018581,-0.7700375547758966,2.4990046782426845,False,False,no_dependence
C,99,400,-112.09032276306156,-109.61339339709674,-114.21106450928465,2.4769293659648213,-4.597671112187911,-2.1207417462230893,False,False,no_dependence
C,100,400,-110.27267915171831,-103.25446114652364,-108.81598588240632,7.018218005194669,-5.561524735882685,1.4566932693119838,True,False,M1_sufficient
C,101,400,-111.59722731512082,-107.60660081853634,-108.01265414005913,3.9906264965844827,-0.4060533215227906,3.584573175061692,False,False,no_dependence
C,102,400,-114.91791529519334,-113.99883755415256,-117.82809668821707,0.9190777410407804,-3.8292591340645146,-2.910181393023734,False,False,no_dependence
C,103,400,-110.00919153455165,-97.60729190205672,-100.42205915632256,12.401899632494931,-2.8147672542658455,9.587132378229086,True,False,M1_sufficient
C,104,400,-110.16622611577047,-98.31161510243304,-103.0525175900696,11.854611013337433,-4.740902487636561,7.113708525700872,True,False,M1_sufficient
C,105,400,-111.03059413357818,-98.7987866695061,-101.17717992154643,12.231807464072077,-2.3783932520403255,9.853414212031751,True,False,M1_sufficient
C,106,400,-108.8598919582496,-104.54159610513027,-108.37550489591395,4.318295853119338,-3.8339087907836813,0.48438706233565654,False,False,no_dependence
C,107,400,-110.02169116111425,-108.50962908952246,-113.34027353164342,1.5120620715917852,-4.830644442120956,-3.318582370529171,False,False,no_dependence
C,108,400,-110.73318160647045,-104.8929607297261,-104.76495052363018,5.840220876744354,0.12801020609592229,5.968231082840276,False,False,no_dependence
C,109,400,-111.21947897717196,-97.51226676597877,-96.78987716644278,13.707212211193195,0.7223895995359868,14.429601810729181,True,False,M1_sufficient
C,110,400,-111.27665672763561,-105.51196154865413,-109.67046183813783,5.7646951789814835,-4.1585002894836975,1.606194889497786,False,False,no_dependence
C,111,400,-108.98311127385425,-106.66571766440576,-108.31863667726967,2.3173936094484873,-1.6529190128639044,0.6644745965845829,False,False,no_dependence
C,112,400,-115.03077863424528,-109.69833387761366,-112.11889530510267,5.332444756631617,-2.4205614274890053,2.9118833291426114,False,False,no_dependence
C,113,400,-109.37777200359703,-103.67953029039778,-105.37990827131496,5.698241713199252,-1.7003779809171817,3.9978637322820703,False,False,no_dependence
C,114,400,-109.64582827528186,-102.96821725919463,-107.61028095500107,6.677611016087226,-4.642063695806442,2.0355473202807843,True,False,M1_sufficient
C,115,400,-110.9556284142356,-101.35362928978887,-105.74232924059412,9.601999124446735,-4.388699950805247,5.213299173641488,True,False,M1_sufficient
C,116,400,-109.97913288037748,-98.732133714325,-100.61035536156083,11.246999166052476,-1.8782216472358328,9.368777518816643,True,False,M1_sufficient
C,117,400,-110.0846858113881,-107.1035486973413,-113.28057010367682,2.9811371140468026,-6.177021406335527,-3.1958842922887243,False,False,no_dependence
C,118,400,-112.96456261619558,-108.46987951981362,-110.62220416113587,4.494683096381962,-2.1523246413222523,2.34235845505971,False,False,no_dependence
C,119,400,-110.18479326511837,-103.44580260825502,-105.36372275745836,6.738990656863351,-1.91792014920334,4.821070507660011,True,False,M1_sufficient
C,120,400,-110.57033879766907,-104.02190064571914,-106.01260159494738,6.548438151949924,-1.9907009492282413,4.5577372027216825,True,False,M1_sufficient
C,121,400,-110.09822800322391,-110.00600365705574,-109.07839974621425,0.092224346168166,0.9276039108414977,1.0198282570096637,False,False,no_dependence
C,122,400,-110.9339398553242,-101.8873171003849,-101.0821566278819,9.046622754939293,0.8051604725030046,9.851783227442297,True,False,M1_sufficient
C,123,400,-110.02774717930572,-105.68952639180294,-106.31842855635767,4.338220787502777,-0.6289021645547308,3.7093186229480466,False,False,no_dependence
C,124,400,-109.98767255007351,-104.47954702809902,-106.13168923864161,5.508125521974492,-1.6521422105425927,3.855983311431899,False,False,no_dependence
C,125,400,-113.01088098370228,-105.87533828795368,-105.54753491958054,7.1355426957485975,0.3278033683731394,7.463346064121737,True,False,M1_sufficient
C,126,400,-111.16640132392187,-99.49798660119458,-103.59814868040402,11.668414722727292,-4.10016207920944,7.568252643517852,True,False,M1_sufficient
C,127,400,-116.20322672740316,-110.94044114576462,-114.20546806693929,5.262785581638539,-3.265026921174666,1.997758660463873,False,False,no_dependence
C,128,400,-114.16965820291242,-109.99583233571516,-112.49825681832712,4.173825867197252,-2.502424482611957,1.6714013845852946,False,False,no_dependence
C,129,400,-112.77739196049899,-110.07760789243278,-108.81128381728534,2.699784068066208,1.2663240751474376,3.9661081432136456,False,False,no_dependence
C,130,400,-108.89596929772996,-106.19557469287906,-109.08727752591496,2.7003946048508993,-2.891702833035893,-0.19130822818499382,False,False,no_dependence
C,131,400,-110.54678798261985,-105.8825394087056,-108.31929421587695,4.66424857391425,-2.4367548071713543,2.227493766742896,False,False,no_dependence
C,132,400,-109.47271094990249,-101.72858126515769,-104.6848367703375,7.744129684744806,-2.9562555051798114,4.787874179564994,True,False,M1_sufficient
C,133,400,-110.32238659046602,-101.42982783364198,-105.75421761174398,8.892558756824045,-4.324389778102002,4.568168978722042,True,False,M1_sufficient
C,134,400,-110.90709031995543,-103.30875846158355,-104.82653498996123,7.598331858371878,-1.5177765283776807,6.080555329994198,True,False,M1_sufficient
C,135,400,-111.35894604612592,-105.952637507592,-108.86011687667356,5.406308538533921,-2.907479369081557,2.498829169452364,False,False,no_dependence
C,136,400,-107.14450100767925,-107.53283446416974,-108.04507827062858,-0.3883334564904857,-0.5122438064588408,-0.9005772629493265,False,False,no_dependence
C,137,400,-111.00853656828257,-106.49436638214311,-108.60210131946195,4.514170186139452,-2.1077349373188383,2.406435248820614,False,False,no_dependence
C,138,400,-109.00683972199938,-105.5274607219079,-110.27240402167217,3.479379000091484,-4.744943299764273,-1.2655642996727892,False,False,no_dependence
C,139,400,-110.66233718703016,-101.89500297235087,-103.32796456635673,8.767334214679295,-1.4329615940058602,7.3343726206734345,True,False,M1_sufficient
C,140,400,-109.953726392682,-103.47758547547767,-106.33705542685847,6.476140917204333,-2.8594699513808024,3.6166709658235305,True,False,M1_sufficient
C,141,400,-112.72872404066422,-106.30278526387738,-108.83202486675867,6.425938776786836,-2.5292396028812902,3.896699173905546,True,False,M1_sufficient
C,142,400,-112.05267559483693,-111.32159996749978,-112.48592338760436,0.7310756273371481,-1.16432342010458,-0.43324779276743186,False,False,no_dependence
C,143,400,-111.18507025875965,-106.96015810413414,-111.15701398071492,4.224912154625514,-4.196855876580784,0.028056278044729765,False,False,no_dependence
C,144,400,-111.14873685611356,-103.2339432197576,-107.43537427407054,7.914793636355952,-4.201431054312934,3.7133625820430183,True,False,M1_sufficient
C,145,400,-107.6286043125783,-106.17418297976492,-108.57889257723959,1.4544213328133822,-2.404709597474664,-0.9502882646612818,False,False,no_dependence
C,146,400,-111.38436236126375,-105.86321548381254,-108.57317592898882,5.521146877451216,-2.7099604451762787,2.811186432274937,False,False,no_dependence
C,147,400,-111.75422360637465,-106.90459269846751,-112.43567709821062,4.849630907907141,-5.531084399743108,-0.6814534918359669,False,False,no_dependence
C,148,400,-113.09410795683605,-111.3442959660469,-112.01185829990192,1.749811990789155,-0.6675623338550167,1.0822496569341382,False,False,no_dependence
C,149,400,-112.52159789742552,-106.88444423156902,-108.53615317126264,5.637153665856502,-1.65170893969362,3.985444726162882,False,False,no_dependence
C,150,400,-109.30285929632402,-107.52341230220226,-112.57908377393015,1.7794469941217557,-5.055671471727891,-3.276224477606135,False,False,no_dependence
C,151,400,-111.15244016945441,-105.50543166059836,-108.70787608472891,5.647008508856047,-3.2024444241305474,2.4445640847254992,False,False,no_dependence
C,152,400,-110.11399920906776,-114.26876377178729,-115.39318430954359,-4.154764562719535,-1.1244205377562935,-5.279185100475829,False,False,no_dependence
C,153,400,-109.82507951118633,-106.4543468400497,-110.54759879841467,3.3707326711366363,-4.093251958364974,-0.7225192872283372,False,False,no_dependence
C,154,400,-109.37505234070365,-103.67293289754254,-105.14489947934729,5.702119443161109,-1.4719665818047503,4.230152861356359,False,False,no_dependence
C,155,400,-108.2602647780495,-103.52261446234758,-102.76413718694567,4.737650315701927,0.7584772754019014,5.4961275911038285,False,False,no_dependence
C,156,400,-108.00495592124581,-100.47431804597468,-103.7361229139644,7.530637875271125,-3.26180486798971,4.268833007281415,True,False,M1_sufficient
C,157,400,-107.39386814481126,-101.62627190536591,-104.43929807544781,5.7675962394453535,-2.8130261700818977,2.954570069363456,False,False,no_dependence
C,158,400,-114.1223644995668,-104.31357456235492,-106.93392991417579,9.808789937211884,-2.6203553518208764,7.188434585391008,True,False,M1_sufficient
C,159,400,-109.80238210975709,-101.72435829820218,-107.57825081524891,8.078023811554914,-5.853892517046731,2.224131294508183,True,False,M1_sufficient
C,160,400,-110.91204379397561,-102.73232062111674,-107.55312613287751,8.179723172858871,-4.820805511760767,3.358917661098104,True,False,M1_sufficient
C,161,400,-109.82424219583042,-98.34244682176296,-99.54760919850811,11.48179537406746,-1.2051623767451503,10.27663299732231,True,False,M1_sufficient
C,162,400,-107.1048504161022,-98.27289001754644,-101.52031343517642,8.83196039855575,-3.2474234176299746,5.584536980925776,True,False,M1_sufficient
C,163,400,-109.37187450582655,-106.64173635906042,-106.9101423698614,2.730138146766137,-0.26840601080098736,2.46173213596515,False,False,no_dependence
C,164,400,-117.95156632301027,-108.50783185827552,-111.1579239242259,9.443734464734746,-2.650092065950375,6.793642398784371,True,False,M1_sufficient
C,165,400,-110.53443954791533,-110.37126594962189,-115.57211995137453,0.16317359829344014,-5.200854001752646,-5.0376804034592055,False,False,no_dependence
C,166,400,-110.00411165326346,-104.64054968677354,-105.7848013621083,5.363561966489925,-1.1442516753347576,4.219310291155168,False,False,no_dependence
C,167,400,-109.97632100616002,-104.94900086188967,-103.92513918862515,5.027320144270348,1.0238616732645198,6.051181817534868,False,False,no_dependence
C,168,400,-110.55304059601,-112.17734500530149,-111.31973944744094,-1.624304409291483,0.8576055578605519,-0.766698851430931,False,False,no_dependence
C,169,400,-113.06724713931756,-101.32652720530542,-104.29648775850082,11.740719934012134,-2.969960553195392,8.770759380816742,True,False,M1_sufficient
C,170,400,-110.2819456529324,-112.31135174189285,-115.0470456616524,-2.0294060889604566,-2.735693919759555,-4.765100008720012,False,False,no_dependence
C,171,400,-111.68535428216907,-105.74367937673301,-105.65702965953518,5.941674905436059,0.08664971719782955,6.028324622633889,False,False,no_dependence
C,172,400,-113.1931238793947,-102.65080025053223,-102.32663252588839,10.542323628862476,0.3241677246438428,10.86649135350632,True,False,M1_sufficient
C,173,400,-110.38115517853865,-103.20607273564318,-101.04334124873324,7.175082442895473,2.1627314869099337,9.337813929805407,True,False,M1_sufficient
C,174,400,-109.88717454689356,-106.03251200225854,-107.11909725570673,3.854662544635019,-1.0865852534481917,2.7680772911868274,False,False,no_dependence
C,175,400,-110.62887794566248,-104.49859197423856,-106.0173180625737,6.130285971423916,-1.5187260883351286,4.611559883088788,True,False,M1_sufficient
C,176,400,-110.34951404660272,-105.2426365526368,-108.96733336188639,5.106877493965925,-3.7246968092495933,1.3821806847163316,False,False,no_dependence
C,177,400,-110.59856523583129,-104.03251013161255,-106.41468326884979,6.566055104218734,-2.3821731372372312,4.183881966981502,True,False,M1_sufficient
C,178,400,-112.28986434239319,-109.50725741236198,-109.24853892311016,2.782606930031207,0.2587184892518195,3.0413254192830266,False,False,no_dependence
C,179,400,-111.53997612032245,-107.88514565075408,-113.58598321734887,3.654830469568367,-5.700837566594785,-2.0460070970264184,False,False,no_dependence
C,180,400,-109.62805766836128,-107.49039653922942,-109.69863361447494,2.137661129131857,-2.2082370752455205,-0.07057594611366369,False,False,no_dependence
C,181,400,-109.29595857416908,-104.83877367664961,-108.15023084610459,4.457184897519468,-3.3114571694549824,1.145727728064486,False,False,no_dependence
C,182,400,-111.14577051767161,-118.82384276752231,-128.7428303481001,-7.6780722498507,-9.918987580577806,-17.597059830428506,False,False,no_dependence
C,183,400,-109.2424402645436,-105.68102538688717,-108.06386163382686,3.561414877656432,-2.3828362469396893,1.1785786307167427,False,False,no_dependence
C,184,400,-111.33775537701176,-109.03968041472669,-112.66776904769881,2.298074962285071,-3.6280886329721227,-1.3300136706870518,False,False,no_dependence
C,185,400,-108.38345159622703,-105.74158608723621,-114.00814406850724,2.6418655089908185,-8.26655798127102,-5.624692472280202,False,False,no_dependence
C,186,400,-109.46550657925661,-105.48352604024815,-105.95818125342774,3.981980539008461,-0.47465521317958803,3.507325325828873,False,False,no_dependence
C,187,400,-109.51034049031685,-101.5123631303049,-106.90462627351678,7.997977360011944,-5.392263143211878,2.6057142168000667,True,False,M1_sufficient
C,188,400,-114.75329588326535,-100.22116668165698,-101.86211011910477,14.53212920160837,-1.6409434374477883,12.891185764160582,True,False,M1_sufficient
C,189,400,-110.21225264112996,-105.61646929909108,-108.57447429067578,4.595783342038885,-2.9580049915847013,1.6377783504541839,False,False,no_dependence
C,190,400,-109.04447609841624,-106.76856368330385,-109.69193391239419,2.275912415112387,-2.923370229090338,-0.647457813977951,False,False,no_dependence
C,191,400,-111.53829626685669,-110.38439547763078,-120.39808833658938,1.153900789225915,-10.013692858958606,-8.859792069732691,False,False,no_dependence
C,192,400,-109.22744795114993,-108.58482558394473,-110.24303330578753,0.6426223672051918,-1.6582077218427997,-1.015585354637608,False,False,no_dependence
C,193,400,-113.81316531910261,-107.51615048068695,-105.6883406956901,6.297014838415663,1.8278097849968447,8.124824623412508,True,False,M1_sufficient
C,194,400,-109.81727863734515,-104.47977671233315,-107.99061735108053,5.337501925012006,-3.510840638747382,1.826661286264624,False,False,no_dependence
C,195,400,-110.54179694534446,-109.30963612003141,-110.90683490371606,1.232160825313045,-1.5971987836846466,-0.3650379583716017,False,False,no_dependence
C,196,400,-109.70861903132345,-103.98284159574301,-103.69689690121764,5.72577743558044,0.2859446945253694,6.0117221301058095,False,False,no_dependence
C,197,400,-111.41138338483512,-104.44978224427368,-108.44001659630487,6.9616011405614415,-3.9902343520311945,2.971366788530247,True,False,M1_sufficient
C,198,400,-109.66923063408021,-104.69320199494773,-107.38580139168656,4.97602863913248,-2.692599396738828,2.2834292423936517,False,False,no_dependence
C,199,400,-108.184315798769,-104.46519784120255,-106.61847359806471,3.7191179575664535,-2.1532757568621577,1.5658422007042958,False,False,no_dependence
